LEILAO;NOME;CEG;ANO_PREV;POTENCIA;CREATED_US;CREATED_DA;LAST_EDITE;LAST_EDI_1;CPU
ANEEL;Serra do Assuruá 7;EOL.CV.BA.049377-5.1;20250801;27000;BERNARDO.OLIVEIRA;20241213;BERNARDO.OLIVEIRA;20241213
33º LEN;Ventos de São Rafael 07;EOL.CV.RN.049670-7.01;20260201;63000;BERNARDO.OLIVEIRA;20241213;BERNARDO.OLIVEIRA;20241213
ANEEL;Casa Nova B;EOL.CV.BA.037210-2.01;20250401;27000;BERNARDO.OLIVEIRA;20241213;BERNARDO.OLIVEIRA;20241213
ANEEL;Serra do Assuruá 12;EOL.CV.BA.049382-1.1;20250701;27000;BERNARDO.OLIVEIRA;20241213;BERNARDO.OLIVEIRA;20241213
33º LEN;Ventos de Santa Luzia 17;EOL.CV.BA.051591-4.01;20250601;74400;BERNARDO.OLIVEIRA;20241213;BERNARDO.OLIVEIRA;20241213
33º LEN;Ventos de São Rafael 09;EOL.CV.RN.050015-1.01;20260201;63000;BERNARDO.OLIVEIRA;20241213;BERNARDO.OLIVEIRA;20241213
ANEEL;Coxilha Negra 3;EOL.CV.RS.032237-7.01;20250301;63000;BERNARDO.OLIVEIRA;20241213;BERNARDO.OLIVEIRA;20241213
ANEEL;Serra do Assuruá 23;EOL.CV.BA.049396-1.1;20250301;36000;BERNARDO.OLIVEIRA;20241213;BERNARDO.OLIVEIRA;20241213
34º LEN;Ventos de Santo Antonio 05;EOL.CV.BA.051592-2.01;20251201;67500;BERNARDO.OLIVEIRA;20241213;BERNARDO.OLIVEIRA;20241213
ANEEL;Serra das Almas II;EOL.CV.BA.034779-5.1;20250501;45000;BERNARDO.OLIVEIRA;20241213;BERNARDO.OLIVEIRA;20241213
33º LEN;Ventos de São Rafael 02;EOL.CV.RN.049665-0.01;20250601;63000;BERNARDO.OLIVEIRA;20241213;BERNARDO.OLIVEIRA;20241213
ANEEL;Serra das Almas IV;EOL.CV.BA.037084-3.1;20250501;45000;BERNARDO.OLIVEIRA;20241213;BERNARDO.OLIVEIRA;20241213
33º LEN;Ventos de São Rafael 04;EOL.CV.RN.049667-7.01;20250701;63000;BERNARDO.OLIVEIRA;20241213;BERNARDO.OLIVEIRA;20241213
ANEEL;Serra do Assuruá 18;EOL.CV.BA.049391-0.01;20250201;40500;BERNARDO.OLIVEIRA;20241213;BERNARDO.OLIVEIRA;20241213
33º LEN;Ventos de São Rafael 06;EOL.CV.RN.049669-3.01;20260201;63000;BERNARDO.OLIVEIRA;20241213;BERNARDO.OLIVEIRA;20241213
33º LEN;Ventos de Santa Luzia 14;EOL.CV.BA.051588-4.01;20250801;72000;BERNARDO.OLIVEIRA;20241213;BERNARDO.OLIVEIRA;20241213
33º LEN;Ventos de São Rafael 11;EOL.CV.RN.050017-8.01;20250701;63000;BERNARDO.OLIVEIRA;20241213;BERNARDO.OLIVEIRA;20241213
ANEEL;Cajuína C3 (Antiga Serra Verde V);EOL.CV.RN.032543-0.01;20250301;51300;BERNARDO.OLIVEIRA;20241213;BERNARDO.OLIVEIRA;20241213
ANEEL;Serra das Almas VI;EOL.CV.BA.034781-7.1;20250501;45000;BERNARDO.OLIVEIRA;20241213;BERNARDO.OLIVEIRA;20241213
36º LEN;Serra da Borborema I;EOL.CV.PB.044988-1.01;20260101;43400;BERNARDO.OLIVEIRA;20241213;BERNARDO.OLIVEIRA;20241213
ANEEL;Serra do Assuruá 14;EOL.CV.BA.049387-2.1;20250401;27000;BERNARDO.OLIVEIRA;20241213;BERNARDO.OLIVEIRA;20241213
34º LEN;Ventos de Santo Antonio 07;EOL.CV.BA.051594-9.01;20250901;72000;BERNARDO.OLIVEIRA;20241213;BERNARDO.OLIVEIRA;20241213
33º LEN;Ventos de São Rafael 01;EOL.CV.RN.049664-2.01;20250601;63000;BERNARDO.OLIVEIRA;20241213;BERNARDO.OLIVEIRA;20241213
ANEEL;Coxilha Negra 2;EOL.CV.RS.032236-9.01;20250301;54600;BERNARDO.OLIVEIRA;20241213;BERNARDO.OLIVEIRA;20241213
ANEEL;Serra do Assuruá 13;EOL.CV.BA.049383-0.1;20250601;36000;BERNARDO.OLIVEIRA;20241213;BERNARDO.OLIVEIRA;20241213
33º LEN;Ventos de São Rafael 03;EOL.CV.RN.049666-9.01;20250701;63000;BERNARDO.OLIVEIRA;20241213;BERNARDO.OLIVEIRA;20241213
ANEEL;Serra das Almas I;EOL.CV.BA.034778-7.1;20250201;40500;BERNARDO.OLIVEIRA;20241213;BERNARDO.OLIVEIRA;20241213
ANEEL;Serra do Assuruá 6;EOL.CV.BA.049376-7.1;20250301;36000;BERNARDO.OLIVEIRA;20241213;BERNARDO.OLIVEIRA;20241213
33º LEN;Ventos de São Rafael 08;EOL.CV.RN.049671-5.01;20260201;63000;BERNARDO.OLIVEIRA;20241213;BERNARDO.OLIVEIRA;20241213
33º LEN;Ventos de Santa Luzia 16;EOL.CV.BA.051590-6.01;20250601;72000;BERNARDO.OLIVEIRA;20241213;BERNARDO.OLIVEIRA;20241213
ANEEL;Serra das Almas III;EOL.CV.BA.034780-9.1;20250501;40500;BERNARDO.OLIVEIRA;20241213;BERNARDO.OLIVEIRA;20241213
34º LEN;Ventos de Santo Antonio 04;EOL.CV.BA.047208-5.01;20251101;67500;BERNARDO.OLIVEIRA;20241213;BERNARDO.OLIVEIRA;20241213
ANEEL;Serra do Assuruá 11;EOL.CV.BA.049381-3.01;20250201;40500;BERNARDO.OLIVEIRA;20241213;BERNARDO.OLIVEIRA;20241213
ANEEL;Serra do Assuruá 10;EOL.CV.BA.049380-5.1;20250801;40500;BERNARDO.OLIVEIRA;20241213;BERNARDO.OLIVEIRA;20241213
34º LEN;Ventos de Santo Antonio 06;EOL.CV.BA.051593-0.01;20251201;67500;BERNARDO.OLIVEIRA;20241213;BERNARDO.OLIVEIRA;20241213
33º LEN;Ventos de São Rafael 10;EOL.CV.RN.050016-0.01;20260201;63000;BERNARDO.OLIVEIRA;20241213;BERNARDO.OLIVEIRA;20241213
ANEEL;Serra do Assuruá 17;EOL.CV.BA.049390-2.01;20250201;40500;BERNARDO.OLIVEIRA;20241213;BERNARDO.OLIVEIRA;20241213
ANEEL;Ventos de São Zacarias 01;EOL.CV.PI.038126-8.01;20250301;45600;BERNARDO.OLIVEIRA;20241213;BERNARDO.OLIVEIRA;20241213
ANEEL;Coxilha Negra 4;EOL.CV.RS.033807-9.1;20250301;96600;BERNARDO.OLIVEIRA;20241213;BERNARDO.OLIVEIRA;20241213
ANEEL;Serra do Assuruá 9;EOL.CV.BA.049379-1.01;20250201;40500;BERNARDO.OLIVEIRA;20241213;BERNARDO.OLIVEIRA;20241213
34º LEN;Ventos de Santo Antonio 08;EOL.CV.BA.051595-7.01;20250601;63000;BERNARDO.OLIVEIRA;20241213;BERNARDO.OLIVEIRA;20241213
36º LEN;Serra da Borborema II;EOL.CV.PB.044989-0.01;20260101;49600;BERNARDO.OLIVEIRA;20241213;BERNARDO.OLIVEIRA;20241213
33º LEN;Ventos de Santa Luzia 15;EOL.CV.BA.051589-2.01;20260801;72000;BERNARDO.OLIVEIRA;20241213;BERNARDO.OLIVEIRA;20241213
33º LEN;Ventos de São Rafael 05;EOL.CV.RN.049668-5.01;20250701;63000;BERNARDO.OLIVEIRA;20241213;BERNARDO.OLIVEIRA;20241213
ANEEL;Serra das Almas V;EOL.CV.BA.037086-0.1;20250501;45000;BERNARDO.OLIVEIRA;20241213;BERNARDO.OLIVEIRA;20241213
