NOME;CONCESSION;ANO_OPERA;TENSAO;LONGITUDE;LATITUDE;CD_MUN;CPU
SE Abdon Batista;ETSE - ETSE - EMPRESA DE TRANSMISSÃO SERRANA S.A;2014;525/230;0;0;
SE Abunã;ELETRONORTE - Centrais Elétricas do Norte do Brasil S/A;-;230/138;0;0;
SE Açailândia;EATE - Empresa Amazonense de Transmissão de Energia S.A.;2003;500;0;0;
SE Acaraú II;CHESF - CHESF - Companhia Hidro Elétrica do São Francisco;2010;230/69;0;0;
SE Açu II;CHESF - CHESF - Companhia Hidro Elétrica do São Francisco;-;230/138/69;0;0;
SE Açu III;ATEXVII - ATE XVII TRANSMISSORA DE ENERGIA SA;2017;500/230;0;0;
SE Adrianópolis;FURNAS - Furnas Centrais Elétricas S.A.;1970;500/345/138;0;0;
SE Água Azul;AGUA AZUL SPE - SUBESTACAO AGUA AZUL SPE S.A.;2019;440/138;0;0;
SE Água Vermelha;AES TIETÊ - AES Tietê S.A.;1978;500/440/138;0;0;
SE Águas Lindas;CELG - GT - CELG GERAÇÃO E TRANSMISSÃO S/A;1998;230/69;0;0;
SE Alegrete 2;CEEE GT - Companhia Estadual de Geração e Transmissão de Energia Elétrica;-;230/69;0;0;
SE Altamira;ELETRONORTE - Centrais Elétricas do Norte do Brasil S/A;-;230/69;0;0;
SE Anastácio;ELETROSUL - ELETROSUL Centrais Elétricas S.A.;-;230/138;0;0;
SE Andirá Leste;COPEL-GT - COPEL GERAÇÃO E TRANSMISSÃO S.A;2019;230/138;0;0;
SE Angelim;CHESF - CHESF - Companhia Hidro Elétrica do São Francisco;-;230/69;0;0;
SE Angra dos Reis;FURNAS - Furnas Centrais Elétricas S.A.;-;500/138;0;0;
SE Anhanguera;CTEEP - Companhia de Transmissão de Energia Elétrica Paulista;-;345/230/88;0;0;
SE Aparecida;CTEEP - Companhia de Transmissão de Energia Elétrica Paulista;-;230/88;0;0;
SE Apucarana;COPEL-GT - COPEL GERAÇÃO E TRANSMISSÃO S.A;-;230/138/34,5;0;0;
SE Aracati II;BONS VENTOS - BONS VENTOS GERADORA DE ENERGIA S.A.;2010;230/34,5;0;0;
SE Araçuaí 2;TRANSIRAPÉ - COMPANHIA TRANSIRAPÉ DE TRANSMISSÃO;2007;230/138;0;0;
SE Arapiraca III;CHESF - CHESF - Companhia Hidro Elétrica do São Francisco;2013;230/69;0;0;
SE Araraquara CTP;CTEEP - Companhia de Transmissão de Energia Elétrica Paulista;-;440/138;0;0;
SE Araraquara FUR;FURNAS - Furnas Centrais Elétricas S.A.;1976;500;0;0;
SE Araraquara 2;ARARAQUARA - ARARAQUARA TRANSMISSORA DE ENERGIA S.A;2012;500/440;0;0;
SE Araras;IEP - INTERLIGAÇÃO ELÉTRICA PINHEIROS S.A;2010;440/138;0;0;
SE Arcoverde II;ARCOVERDE - ARCOVERDE TRANSMISSAO DE ENERGIA S.A.;2019;230/69;0;0;
SE Areia;ELETROSUL - ELETROSUL Centrais Elétricas S.A.;1997;525/230/138;0;0;
SE Ariquemes;ELETRONORTE - Centrais Elétricas do Norte do Brasil S/A;-;230/69;0;0;
SE Assis;CTEEP - Companhia de Transmissão de Energia Elétrica Paulista;-;500/440/230;0;0;
SE Atibaia II;IEP - INTERLIGAÇÃO ELÉTRICA PINHEIROS S.A;2013;345/138;0;0;
SE Atlântida 2;ELETROSUL - ELETROSUL Centrais Elétricas S.A.;2007;230/69;0;0;
SE Avaré Nova;CTEEP - Companhia de Transmissão de Energia Elétrica Paulista;2003;230;0;0;
SE Barão de Cocais 3;CEMIG - Companhia Energética de Minas Gerais;2005;230;0;0;
SE Bagé 2;CEEE GT - Companhia Estadual de Geração e Transmissão de Energia Elétrica;-;230/69/23/13,8;0;0;
SE Baixada Santista;CTEEP - Companhia de Transmissão de Energia Elétrica Paulista;-;345/230/138/88;0;0;
SE Balbina;-;1989;230/13,8;0;0;
SE Balsas;ELETRONORTE - Centrais Elétricas do Norte do Brasil S/A;2011;230/69;0;0;
SE Banabuiú;CHESF - CHESF - Companhia Hidro Elétrica do São Francisco;-;230/69;0;0;
SE Bandeirantes;CTEEP - Companhia de Transmissão de Energia Elétrica Paulista;-;345/88/34,5;0;0;
SE Bandeirantes;FURNAS - Furnas Centrais Elétricas S.A.;1972;345/230;0;0;
SE Barbacena 2;CEMIG - Companhia Energética de Minas Gerais;1963;345/138/13,8;0;0;
SE Barra do Peixe;ELETRONORTE - Centrais Elétricas do Norte do Brasil S/A;-;230/138;0;0;
SE Barra Grande;ETAU - EMPRESA DE TRANSMISSÃO DO ALTO DO URUGUAI S/A;2005;230;0;0;
SE Barreiras;CHESF - CHESF - Companhia Hidro Elétrica do São Francisco;-;230/138/69;0;0;
SE Barreiras II;ATEXVI - ATE XVI TRANSMISSORA DE ENERGIA SA;2017;500/230;0;0;
SE Barreiro 1;CEMIG - Companhia Energética de Minas Gerais;1964;345/138;0;0;
SE Barro Alto;FURNAS - Furnas Centrais Elétricas S.A.;1982;230/69;0;0;
SE Barro Branco;FURNAS - Furnas Centrais Elétricas S.A.;2013;345;0;0;
SE Bateias;COPEL-GT - COPEL GERAÇÃO E TRANSMISSÃO S.A;1999;525/230/138;0;0;
SE Bauru;CTEEP - Companhia de Transmissão de Energia Elétrica Paulista;-;440/138;0;0;
SE Betim 6;MANTIQUEIRA TRANSMIS - MANTIQUEIRA TRANSMISSORA DE ENERGIA S.A.;2023;345/138;0;0;
SE Biguaçu;ELETROSUL - ELETROSUL Centrais Elétricas S.A.;2008;525/230/138;0;0;
SE Blumenau;ELETROSUL - ELETROSUL Centrais Elétricas S.A.;-;525/230/138;0;0;
SE Boa Esperança;CHESF - CHESF - Companhia Hidro Elétrica do São Francisco;-;500/230;0;0;
SE Boa Vista;ELETRONORTE - Centrais Elétricas do Norte do Brasil S/A;-;230/69/13,8;0;0;
SE Bom Despacho 3;CEMIG - Companhia Energética de Minas Gerais;2004;500;0;0;
SE Bom Jardim;CTEEP - Companhia de Transmissão de Energia Elétrica Paulista;-;440/138/88/13,8;0;0;
SE Bom Jesus da Lapa II;TAESA - TRANSMISSORA ALIANÇA DE ENERGIA ELÉTRICA S A;2003;500/230;0;0;
SE Bom Jesus II;SPEDRO - SAO PEDRO TRANSMISSORA DE ENERGIA S/A;2018;230/69;0;0;
SE Bom Nome;CHESF - CHESF - Companhia Hidro Elétrica do São Francisco;-;230/138/69;0;0;
SE Bongi;CHESF - CHESF - Companhia Hidro Elétrica do São Francisco;-;230/69/13,8;0;0;
SE Botucatu;CTEEP - Companhia de Transmissão de Energia Elétrica Paulista;-;230/138;0;0;
SE Brasília Geral;FURNAS - Furnas Centrais Elétricas S.A.;1960;230/34,5;0;0;
SE Brasília Leste;VSBTE - VALE DO SAO BARTOLOMEU TRANSMISSORA DE ENERGIA S.A.;2017;500;0;0;
SE Brasilia Sul;FURNAS - Furnas Centrais Elétricas S.A.;1972;345/230/138;0;0;
SE Braúnas;Cemig;2022;230;0;0;
SE Brotas de Macaubas;CHESF - CHESF - Companhia Hidro Elétrica do São Francisco;2012;230;0;0;
SE Brumado II;AFLUENTE TRANSMISSÃO - Afluente Transmissão de Energia Elétrica SA;2002;230/138/69;0;0;
SE Imbirussú;PORTO PRIMAVERA - Porto Primavera Transmissora de Energia S/A.;2006;230/138;0;0;
SE Cabreuva;CTEEP - Companhia de Transmissão de Energia Elétrica Paulista;-;440/230/138/13,8;0;0;
SE Cachoeira Dourada;CDSA - Centrais Elétricas Cachoeira Dourada S/A;1959;230/138;0;0;
SE Cachoeira Paulista;FURNAS - Furnas Centrais Elétricas S.A.;1974;500/138;0;0;
SE Caetés II;EOL SANTA BRIGIDA I - VENTOS DE SANTA BRIGIDA I ENERGIAS RENOVAVEIS S.A;2015;230/34,5;0;0;
SE Camaçari II;CHESF - CHESF - Companhia Hidro Elétrica do São Francisco;-;500/230/69;0;0;
SE Camaçari IV;CHESF - CHESF - Companhia Hidro Elétrica do São Francisco;2012;500/230;0;0;
SE Camaquã;CEEE GT - Companhia Estadual de Geração e Transmissão de Energia Elétrica;-;230/69;0;0;
SE Camaquã 3;TSBE - Transmissora Sul Brasileira de Energia S A;2014;230/69;0;0;
SE Campina Grande III;ETN - EXTREMOZ TRANSMISSORA DO NORDESTE;2015;500/230;0;0;
SE Campina Grande II;CHESF - CHESF - Companhia Hidro Elétrica do São Francisco;-;230/138/69/13,8;0;0;
SE Campinas;FURNAS - Furnas Centrais Elétricas S.A.;1971;500/345/138;0;0;
SE Campo Bom;CEEE GT - Companhia Estadual de Geração e Transmissão de Energia Elétrica;-;230/69/23;0;0;
SE Campo do Assobio;COPEL-GT - COPEL GERAÇÃO E TRANSMISSÃO S.A;1998;230/138/13,8;0;0;
SE Campo Grande 2;PANTANAL TRA - PANTANAL TRANSMISSAO S.A.;2016;230/138;0;0;
SE Campos;FURNAS - Furnas Centrais Elétricas S.A;1973;345/138;0;0;
SE Campo Mourão;ELETROSUL - ELETROSUL Centrais Elétricas S.A.;-;230/138;0;0;
SE Campos Novos;ELETROSUL - ELETROSUL Centrais Elétricas S.A.;-;525/230/138;0;0;
SE UHE Cana Brava;ENGIE - ENGIE BRASIL ENERGIA SA;2002;230/13,8;0;0;
SE Canarana;STATE GRID - State Grid Brazil Holding Sa;2018;230/138;0;0;
SE Presidente Médici;CEEE GT - Companhia Estadual de Geração e Transmissão de Energia Elétrica;2005;230/138;0;0;
SE Canoas 2;CEEE GT - Companhia Estadual de Geração e Transmissão de Energia Elétrica;2002;230;0;0;
SE Canoinhas;ELETROSUL - ELETROSUL Centrais Elétricas S.A.;-;230/138;0;0;
SE Capão Bonito;CTEEP - Companhia de Transmissão de Energia Elétrica Paulista;-;230/138/13,8;0;0;
SE Capivara;DUKE ENERGY - Duke Energy Internacional - Geração Paranapanema;1977;440/138/14,4;0;0;
SE Capivari do Sul;PAMPA TRANSMISSORA - PAMPA TRANSMISSÃO DE ENERGIA S.A.;2023;500/230/138;0;0;
SE Carajás (PA);ELETRONORTE - Centrais Elétricas do Norte do Brasil S/A;2006;230/138;0;0;
SE Carajás (GO);CELG - GT - CELG GERAÇÃO E TRANSMISSÃO S/A;2009;230/138;0;0;
SE Cascavel;COPEL-GT - COPEL GERAÇÃO E TRANSMISSÃO S.A;1986;230/138/34,5/13,8;0;0;
SE Cascavel Oeste;COPEL-GT - COPEL GERAÇÃO E TRANSMISSÃO S.A;2001;525/230;0;0;
SE Catu;CHESF - CHESF - Companhia Hidro Elétrica do São Francisco;-;230/69;0;0;
SE Cauípe;CHESF - CHESF - Companhia Hidro Elétrica do São Francisco;-;230/69;0;0;
SE Caxias;ELETROSUL - ELETROSUL Centrais Elétricas S.A.;2001;525/230;0;0;
SE Caxias do Sul 5;CEEE GT - Companhia Estadual de Geração e Transmissão de Energia Elétrica;-;230/69/13,8;0;0;
SE Caxias do Sul 2;CEEE GT - Companhia Estadual de Geração e Transmissão de Energia Elétrica;-;230/69;0;0;
SE Schincariol;-;-;230;0;0;
SE CBA 2;CTEEP - Companhia de Transmissão de Energia Elétrica Paulista;2006;440/230;0;0;
SE Ceará Mirim II;ETN - EXTREMOZ TRANSMISSORA DO NORDESTE;2014;500/230;0;0;
SE Aimorés;CEMIG - Companhia Energética de Minas Gerais;2005;230;0;0;
SE Centro - CTR;CTEEP - Companhia de Transmissão de Energia Elétrica Paulista;-;230/88/20;0;0;
SE Centro - CTT;CTEEP - Companhia de Transmissão de Energia Elétrica Paulista;-;230;0;0;
SE Cerquilho III;COPEL-GT - COPEL GERAÇÃO E TRANSMISSÃO S.A;2014;230/138;0;0;
SE Chavantes;DUKE ENERGY - Duke Energy Internacional - Geração Paranapanema;1970;230/88;0;0;
SE Cícero Dantas;CHESF - CHESF - Companhia Hidro Elétrica do São Francisco;-;230/69;0;0;
SE Cidade Industrial;CEEE GT - Companhia Estadual de Geração e Transmissão de Energia Elétrica;-;230/138/23;0;0;
SE Cidade Industrial de Curitiba;COPEL-GT - COPEL GERAÇÃO E TRANSMISSÃO S.A;2003;230/69/13,8;0;0;
SE Cláudia;MATRINCHA - MATRINCHA TRANSMISSORA DE ENERGIA S A;2015;500;0;0;
SE Codemin;-;-;230;0;0;
SE Coelho Neto;ELETRONORTE - Centrais Elétricas do Norte do Brasil S/A;-;230/69;0;0;
SE Chapadão;ITATIM - Linhas de Transmissão Itatim Ldta;2011;230/138;0;0;
SE Coletora Porto Velho;ELETRONORTE - Centrais Elétricas do Norte do Brasil S/A;2011;500/230;0;0;
SE Colinas;ELETRONORTE - Centrais Elétricas do Norte do Brasil S/A;-;500;0;0;
SE Conselheiro Lafaiete;CEMIG - Companhia Energética de Minas Gerais;1955;345/138;0;0;
SE Conselheiro Pena;CEMIG - Companhia Energética de Minas Gerais;-;230/69/13,8;0;0;
SE Coremas;CHESF - CHESF - Companhia Hidro Elétrica do São Francisco;-;230;0;0;
SE Corumbá;FURNAS - Furnas Centrais Elétricas S.A.;1998;345/138;0;0;
SE Corumbá 2;LTC - LINHA DE TRANSMISSÃO CORUMBÁ;2013;230/138;0;0;
SE Coxipó;ELETRONORTE - Centrais Elétricas do Norte do Brasil S/A;-;230/138;0;0;
SE Cuiabá;AETE - AMAZÔNIA - ELETRONORTE TRANSMISSORA DE ENERGIA S.A.;2005;500/230;0;0;
SE Curitiba;ELETROSUL - ELETROSUL Centrais Elétricas S.A.;-;525/230;0;0;
SE Curitiba Leste;MARUMBI - MARUMBI TRANSMISSORA DE ENERGIA S.A;2015;525/230;0;0;
SE Delmiro Gouveia;CHESF - CHESF - Companhia Hidro Elétrica do São Francisco;-;230/69;0;0;
SE Desterro;ELETROSUL - ELETROSUL Centrais Elétricas S.A.;2008;230/138;0;0;
SE Distrito Industrial de São José dos Pinhais;COPEL-GT - COPEL GERAÇÃO E TRANSMISSÃO S.A;-;230/69/13,8;0;0;
SE Dona Francisca;DFESA - Dona Francisca Energética S.A.;2001;230/13,8;0;0;
SE Dourados;ELETROSUL - ELETROSUL Centrais Elétricas S.A.;-;230/138;0;0;
SE Edgard de Souza;CTEEP - Companhia de Transmissão de Energia Elétrica Paulista;-;230/88;0;0;
SE Eldorado do Sul;CEEE GT - Companhia Estadual de Geração e Transmissão de Energia Elétrica;-;230/23;0;0;
SE Eliseu Martins;CHESF - CHESF - Companhia Hidro Elétrica do São Francisco;2006;230/69;0;0;
SE Emborcação;CEMIG GT - CEMIG GERAÇÃO E TRANSMISSÃO S.A;1982;500/138;0;0;
SE Embu-Guaçu;CTEEP - Companhia de Transmissão de Energia Elétrica Paulista;-;440/345/138/16/13,8;0;0;
SE Encruzo Novo;ENCRUZO NOVO - ENCRUZO NOVO TRANSMISSORA DE ENRGIA LTDA;2012;230/69;0;0;
SE UHE Luiz Carlos Barreto de Carvalho (Estreito);FURNAS - Furnas Centrais Elétricas S.A.;1970;345/13,8;0;0;
SE Estreito;LTT - LT Triângulo S.A.;2008;500/345;0;0;
SE Eunápolis;CHESF - CHESF - Companhia Hidro Elétrica do São Francisco;-;230/138;0;0;
SE Extremoz II;CHESF - CHESF - Companhia Hidro Elétrica do São Francisco;2014;230/69;0;0;
SE Farroupilha;ELETROSUL - ELETROSUL Centrais Elétricas S.A.;-;230/69;0;0;
SE Tomba;AFLUENTE TRANSMISSÃO - Afluente Transmissão de Energia Elétrica SA;-;230/69;0;0;
SE Fernão Dias;MSGT - MATA DE SANTA GENEBRA TRANSMISSAO S.A.;2020;500/440;0;0;
SE Fibraplac;FIBRAPLAC - Fibraplac Chapas de MDF Ltda;2003;230/13,8;0;0;
SE Figueira;COPEL-GT - COPEL GERAÇÃO E TRANSMISSÃO S.A;-;230/138;0;0;
SE Firminópolis;CELG - GT - CELG GERAÇÃO E TRANSMISSÃO S/A;1997;230/138;0;0;
SE Forquilhinha;IES - INTERLIGAÇÃO ELÉTRICA SUL S.A;2011;230/69;0;0;
SE Fortaleza II;CHESF - CHESF - Companhia Hidro Elétrica do São Francisco;-;500/230;0;0;
SE Foz do Chapecó;FOZ CHAPECÓ - Foz do Chapecó Energia S.A.;2010;230/138;0;0;
SE Foz do Chopim;COPEL-GT - COPEL GERAÇÃO E TRANSMISSÃO S.A;1998;230/138;0;0;
SE Foz do Iguaçu;FURNAS - Furnas Centrais Elétricas S.A.;1984;765/600/500/127;0;0;
SE Funil;CHESF - CHESF - Companhia Hidro Elétrica do São Francisco;-;230/138;0;0;
SE Poços de Caldas;FURNAS - Furnas Centrais Elétricas S.A.;1963;500/345/138;0;0;
SE Garabi II;ENEL CIEN - ENEL CIEN S.A;2002;500;0;0;
SE Garanhuns II;IEG - INTERLIGAÇÃO ELÉTRICA GARANHUNS;2015;500/230;0;0;
SE Garibaldi 1;CEEE GT - Companhia Estadual de Geração e Transmissão de Energia Elétrica;-;230/69;0;0;
SE Gentio do Ouro II;TJMME - TRANSMISSORA JOSE MARIA DE MACEDO DE ELETRICIDADE S.A.;2018;500/230;0;0;
SE Gerdau SP;CTEEP - Companhia de Transmissão de Energia Elétrica Paulista;2005;440/33/13,8;0;0;
SE Getulina;IEP - INTERLIGAÇÃO ELÉTRICA PINHEIROS S.A;2011;440/138;0;0;
SE Gilbués II;ATEXVI - ATE XVI TRANSMISSORA DE ENERGIA SA;2017;500/230/69;0;0;
SE Governador Mangabeira;CHESF - CHESF - Companhia Hidro Elétrica do São Francisco;-;230/69;0;0;
SE Governador Valadares 2;CEMIG - Companhia Energética de Minas Gerais;1989;230/138/13,8;0;0;
SE Grajaú;FURNAS - Furnas Centrais Elétricas S.A.;1987;500/138;0;0;
SE Gralha Azul;COPEL-GT - COPEL GERAÇÃO E TRANSMISSÃO S.A;-;230;0;0;
SE Gravataí 2;CEEE GT - Companhia Estadual de Geração e Transmissão de Energia Elétrica;-;230/69/23;0;0;
SE Gravataí 3;ELETROSUL - ELETROSUL Centrais Elétricas S.A.;2007;230/69;0;0;
SE Guaíba 2;CEEE GT - Companhia Estadual de Geração e Transmissão de Energia Elétrica;-;230/69;0;0;
SE Guaíra;COPEL-GT - COPEL GERAÇÃO E TRANSMISSÃO S.A;1984;230/138/34,5;0;0;
SE Guamá;ELETRONORTE - Centrais Elétricas do Norte do Brasil S/A;-;230/69;0;0;
SE Guarulhos;FURNAS - Furnas Centrais Elétricas S.A.;1963;345;0;0;
SE Guilman-Amorim;GUILMAN/AMORI - Consórcio GUILMAN/AMORIM;1997;230/13,8;0;0;
SE Gurupi;FURNAS - Furnas Centrais Elétricas S.A.;1999;500;0;0;
SE Henry Borden;EMAE - Empresa Metropolitana de Águas e Energia S.A;1956;230/13,8;0;0;
SE Ibicoara;TAESA - TRANSMISSORA ALIANÇA DE ENERGIA ELÉTRICA S A;2003;500/230/138;0;0;
SE Ibiporã;COPEL-GT - COPEL GERAÇÃO E TRANSMISSÃO S.A;-;230/138/34,5;0;0;
SE Ibiúna;FURNAS - Furnas Centrais Elétricas S.A.;1984;600/500/345/20;0;0;
SE Icó;CHESF - CHESF - Companhia Hidro Elétrica do São Francisco;-;230/69;0;0;
SE Igaporã III;CHESF - CHESF - Companhia Hidro Elétrica do São Francisco;2015;500/230;0;0;
SE UHE Ilha Solteira;RPE - RIO PARANÁ ENERGIA;1973;440/138/14,4/13,8;0;0;
SE Integradora;ELETRONORTE - Centrais Elétricas do Norte do Brasil S/A;2008;230;0;0;
SE Interlagos;CTEEP - Companhia de Transmissão de Energia Elétrica Paulista;-;345/230;0;0;
SE Ipatinga 1;CEMIG - Companhia Energética de Minas Gerais;1971;230/13,8;0;0;
SE Irapé;TRANSLESTE - COMPANHIA TRANSLESTE DE TRANSMISSÃO;2005;345/230;0;0;
SE Irecê;CHESF - CHESF - Companhia Hidro Elétrica do São Francisco;-;230/138/69/13,8;0;0;
SE Itá;ELETROSUL - ELETROSUL Centrais Elétricas S.A.;-;525;0;0;
SE Itabaiana;CHESF - CHESF - Companhia Hidro Elétrica do São Francisco;-;230/69;0;0;
SE Itaberá;FURNAS - Furnas Centrais Elétricas S.A.;1982;765;0;0;
SE Itabira 2;CEMIG - Companhia Energética de Minas Gerais;-;230/69/13,8;0;0;
SE Itabira 4;CEMIG - Companhia Energética de Minas Gerais;2013;230;0;0;
SE Itabira 5;MANTIQUEIRA TRANSMIS - MANTIQUEIRA TRANSMISSORA DE ENERGIA S.A.;2022;500/230;0;0;
SE Ouro Preto 2;CEMIG - Companhia Energética de Minas Gerais;1988;500/345/138;0;0;
SE Itabirito 2;MONTES CLAROS - LINHAS DE TRANSMISSAO DE MONTES CLAROS LTDA;2014;500/345;0;0;
SE Itacaiúnas;ATE III - ATE III TRANSMISSORA DE ENERGIA S.A.;2008;500/230;0;0;
SE Itajaí;ELETROSUL - ELETROSUL Centrais Elétricas S.A.;2002;230/138;0;0;
SE Itajubá 3;CEMIG - Companhia Energética de Minas Gerais;2002;500/138;0;0;
SE Itapaci;CELG - GT - CELG GERAÇÃO E TRANSMISSÃO S/A;-;230/69;0;0;
SE Itapeti;CTEEP - Companhia de Transmissão de Energia Elétrica Paulista;-;345/230/88/13,8;0;0;
SE Itararé II;CTEEP - Companhia de Transmissão de Energia Elétrica Paulista;-;230/138;0;0;
SE Itatiba;TRANSENERGIA SP - Transenergia São Paulo S.A.;2012;500/138;0;0;
SE Itaúba;CEEE GT - Companhia Estadual de Geração e Transmissão de Energia Elétrica;1978;230/13,8;0;0;
SE Itiquira;ITIQUIRA - Itiquira Energética S/A;2002;230/13,8;0;0;
SE Itumbiara;FURNAS - Furnas Centrais Elétricas S.A.;1980;500/345/230;0;0;
SE Itutinga;FURNAS - Furnas Centrais Elétricas S.A;1967;345;0;0;
SE Ivaiporã;ELETROSUL - ELETROSUL Centrais Elétricas S.A.;-;525;0;0;
SE Ivaiporã;FURNAS - Furnas Centrais Elétricas S.A.;1982;765;0;0;
SE Ivinhema 2;BRILHANTE - Brilhante Transmissora de Energia Ltda;2011;230/138;0;0;
SE Jacaracanga;CHESF - CHESF - Companhia Hidro Elétrica do São Francisco;-;230/69;0;0;
SE Jacarepaguá;FURNAS - Furnas Centrais Elétricas S.A.;1967;345/138;0;0;
SE Jaguara;CEMIG GT - CEMIG GERAÇÃO E TRANSMISSÃO S.A;-;500/345;0;0;
SE Jaguariaíva;COPEL-GT - COPEL GERAÇÃO E TRANSMISSÃO S.A;1993;230/138/69/34,5;0;0;
SE Janaúba 3;MANTIQUEIRA TRANSMIS - MANTIQUEIRA TRANSMISSORA DE ENERGIA S.A.;2020;500/230;0;0;
SE Jandira;IESJ - Interligação Elétrica Serra do Japi S.A.;2012;440/88;0;0;
SE Jardim;CHESF - CHESF - Companhia Hidro Elétrica do São Francisco;-;500/230/69;0;0;
SE Jaru;ELETRONORTE - Centrais Elétricas do Norte do Brasil S/A;-;230/69;0;0;
SE Jataí;TRANSENER RENOVAVEL - Transenergia Renovável S.A.;2012;230/138;0;0;
SE Jauru;ELETRONORTE - Centrais Elétricas do Norte do Brasil S/A;2003;500/230/138;0;0;
SE Jeceaba;CEMIG - Companhia Energética de Minas Gerais;2010;345/33;0;0;
SE Ji-Paraná;ELETRONORTE - Centrais Elétricas do Norte do Brasil S/A;-;230/138/69;0;0;
SE João Camara 2;CHESF - CHESF - Companhia Hidro Elétrica do São Francisco;2014;230;0;0;
SE João Camara III;ETN - EXTREMOZ TRANSMISSORA DO NORDESTE;2014;500;0;0;
SE João Monlevade 4;MANTIQUEIRA TRANSMIS - MANTIQUEIRA TRANSMISSORA DE ENERGIA S.A.;2022;230;0;0;
SE Joinville Norte;ELETROSUL - ELETROSUL Centrais Elétricas S.A.;2009;230/138;0;0;
SE Joinville;ELETROSUL - ELETROSUL Centrais Elétricas S.A.;-;230/138/69;0;0;
SE Jorge Lacerda A;ELETROSUL - ELETROSUL Centrais Elétricas S.A.;1965;230/138/69;0;0;
SE Jorge Lacerda B;ELETROSUL - ELETROSUL Centrais Elétricas S.A.;1979;230;0;0;
SE Jorge Teixeira;AMAZONAS GT - AMAZONAS GERAÇÃO E TRANSMISSÃO DE ENERGIA SA;2014;230/138/13,8;0;0;
SE Juazeiro II;CHESF - CHESF - Companhia Hidro Elétrica do São Francisco;-;230/69;0;0;
SE Juazeiro III;ODOYA - ODOYA TRANSMISSORA DE ENERGIA S A;2016;500/230;0;0;
SE Juiz de Fora 1;CEMIG - Companhia Energética de Minas Gerais;1966;345/138/13,8;0;0;
SE Jupiá;RPE - RIO PARANÁ ENERGIA;1969;440/138;0;0;
SE Jurumirim;DUKE ENERGY - Duke Energy Internacional - Geração Paranapanema;1962;230/138;0;0;
SE Jurupari;XINGU TRA - LINHAS DE XINGU TRANSMISSORA DE ENERGIA SA;2013;500/230;0;0;
SE Juruti;PARINTINS AMAZONAS - PARINTINS AMAZONAS TRANSMISSORA DE ENERGIA S.A.;2023;230/138;0;0;
SE Lages;STC - STC - Sistema de Transmissão Catarinense S.A.;2007;230/138;0;0;
SE Lagoa Vermelha 2;ETAU - EMPRESA DE TRANSMISSÃO DO ALTO DO URUGUAI S/A;2005;230/138;0;0;
SE Lajeado;INVESTCO - Investco S.A;2001;500/230;0;0;
SE Lajeado Grande;ELETROSUL - ELETROSUL Centrais Elétricas S.A.;2003;230/138;0;0;
SE Lajeado 2;CEEE GT - Companhia Estadual de Geração e Transmissão de Energia Elétrica;-;230/69/13,8;0;0;
SE Laranjal;MACAPA TRA - LINHAS DE MACAPÁ TRANSMISSORA DE ENERGIA SA;2014;230/69;0;0;
SE Lechuga;MANAUS TR - MANAUS TRANSMISSORA DE ENERGIA S.A;2013;500/230/138;0;0;
SE Livramento 2;CEEE GT - Companhia Estadual de Geração e Transmissão de Energia Elétrica;-;230/69;0;0;
SE Livramento 3;SANTANA - SANT’ANA TRANSMISSORA DE ENERGIA ELÉTRICA S.A.;2022;230;0;0;
SE Londrina (ESUL);ELETROSUL - ELETROSUL Centrais Elétricas S.A.;-;525/230;0;0;
SE Lucas do Rio Verde;ELETRONORTE - Centrais Elétricas do Norte do Brasil S/A;2012;230/138/13,8;0;0;
SE Luiz Gonzaga;CHESF - CHESF - Companhia Hidro Elétrica do São Francisco;1988;500;0;0;
SE Luziânia;SMTE - Serra da Mesa Transmissora de Energia S/A.;2008;500/138;0;0;
SE Macaé Merchant;FURNAS - Furnas Centrais Elétricas S.A.;2001;345/138;0;0;
SE Macapá;MACAPA TRA - LINHAS DE MACAPÁ TRANSMISSORA DE ENERGIA SA;2014;230/69;0;0;
SE Maçambará;CEEE GT - Companhia Estadual de Geração e Transmissão de Energia Elétrica;-;230/69;0;0;
SE Macéio II;CHESF - CHESF - Companhia Hidro Elétrica do São Francisco;2019;230/69;0;0;
SE Machadinho;ELETROSUL - ELETROSUL Centrais Elétricas S.A.;2001;500;0;0;
SE Manaus;AMAZONAS GT - AMAZONAS GERAÇÃO E TRANSMISSÃO DE ENERGIA SA;-;230/69;0;0;
SE Manoel da Nóbrega;ELTE - EMPRESA LITORANEA DE TRANSMISSAO DE ENERGIA S.A. - ELTE;2024;230/138/88;0;0;
SE Marabá;ELETRONORTE - Centrais Elétricas do Norte do Brasil S/A;-;500/230/69;0;0;
SE Maracanaú;CPFL MARACANAÚ - CPFL TRANSMISSÃO DE ENERGIA MARACANAÚ LTDA.;2022;230/69;0;0;
SE Marechal Rondon;MRTE - MARECHAL RONDON TRANSMISSORA DE ENERGIA SA;2016;440/138;0;0;
SE Marimbondo;FURNAS - Furnas Centrais Elétricas S.A.;1975;500/345;0;0;
SE Marimbondo 2;GTE - Guaraciaba Transmissora de Energia S A;2016;500;0;0;
SE Maringá;COPEL-GT - COPEL GERAÇÃO E TRANSMISSÃO S.A;1984;230/138/34,5;0;0;
SE Marituba;MARITUBA - MARITUBA TRANSMISSÃO DE ENERGIA S A;2020;500/230/69;0;0;
SE Marmeleiro 2;TSLE - TRANSMISSORA SUL LITORÂNEA DE ENERGIA S.A.;2014;525;0;0;
SE Mascarenhas;EVRECY - EVRECY PARTICIPAÇÕES LTDA;2006;230/138;0;0;
SE Marechal Mascarenhas de Morais (Peixoto);FURNAS - Furnas Centrais Elétricas S.A.;1956;345/138;0;0;
SE Matatu;CHESF - CHESF - Companhia Hidro Elétrica do São Francisco;-;230/69;0;0;
SE Mesquita;CEMIG - Companhia Energética de Minas Gerais;-;500/230;0;0;
SE Messias;CHESF - CHESF - Companhia Hidro Elétrica do São Francisco;-;500/230;0;0;
SE Miguel Reale;CTEEP - Companhia de Transmissão de Energia Elétrica Paulista;-;345/88/20;0;0;
SE Milagres;CHESF - CHESF - Companhia Hidro Elétrica do São Francisco;-;500/230/69;0;0;
SE Milton Fornasaro;CTEEP - Companhia de Transmissão de Energia Elétrica Paulista;-;345/88;0;0;
SE Miracema;ELETRONORTE - Centrais Elétricas do Norte do Brasil S/A;-;500/138;0;0;
SE Miranda II;ELETRONORTE - Centrais Elétricas do Norte do Brasil S/A;-;500/230/138/69;0;0;
SE Mirassol II;IEP - INTERLIGAÇÃO ELÉTRICA PINHEIROS S.A;2011;440/138;0;0;
SE Mirueira;CHESF - CHESF - Companhia Hidro Elétrica do São Francisco;-;230/69;0;0;
SE Mirueira II;CHESF - CHESF - Companhia Hidro Elétrica do São Francisco;2016;230/69;0;0;
SE Mogi;CTEEP - Companhia de Transmissão de Energia Elétrica Paulista;-;230/88;0;0;
SE Mogi das Cruzes;FURNAS - Furnas Centrais Elétricas S.A.;1964;345/230;0;0;
SE Mogi Mirim 3;CTEEP - Companhia de Transmissão de Energia Elétrica Paulista;-;440/138;0;0;
SE Monte Claro;ELETROSUL - ELETROSUL Centrais Elétricas S.A.;2004;230;0;0;
SE Montes Claros 2;CEMIG - Companhia Energética de Minas Gerais;1973;345/138;0;0;
SE Morro Agudo;CPFL TRA MORRO AGUDO - CPFL TRANSMISSÃO MORRO AGUDO SA;2017;500/138;0;0;
SE Morro do Chapéu II;CHESF - CHESF - Companhia Hidro Elétrica do São Francisco;2017;500/230;0;0;
SE Mossoró II;CHESF - CHESF - Companhia Hidro Elétrica do São Francisco;-;230/69;0;0;
SE Mussuré II;CHESF - CHESF - Companhia Hidro Elétrica do São Francisco;-;230/69;0;0;
SE N.S. do Socorro;CHESF - CHESF - Companhia Hidro Elétrica do São Francisco;2019;230/69;0;0;
SE Narandiba;SE NARANDIBA - SE NARANDIBA S.A.;2011;230/69;0;0;
SE Natal II;CHESF - CHESF - Companhia Hidro Elétrica do São Francisco;-;230/69;0;0;
SE Neves 1;CEMIG - Companhia Energética de Minas Gerais;1979;500/345/138/13,8;0;0;
SE Nilo Peçanha;LIGHT GT - LIGHT ENERGIA S.A;1953;230/138;0;0;
SE Niquelândia;FURNAS - Furnas Centrais Elétricas S.A.;1999;230/69;0;0;
SE Nobres;ELETRONORTE - Centrais Elétricas do Norte do Brasil S/A;2001;230/138;0;0;
SE Nordeste;CTEEP - Companhia de Transmissão de Energia Elétrica Paulista;-;345/88;0;0;
SE Norte;CTEEP - Companhia de Transmissão de Energia Elétrica Paulista;-;345/88;0;0;
SE Nova Era 2;CEMIG - Companhia Energética de Minas Gerais;-;230;0;0;
SE Nova Iguaçu;LTTE - Linhas de Taubaté Transmissora de Energia;2017;500/345/138;0;0;
SE Nova Mutum;ELETRONORTE - Centrais Elétricas do Norte do Brasil S/A;-;230/69;0;0;
SE Nova Ponte;CEMIG GT - CEMIG GERAÇÃO E TRANSMISSÃO S.A;1988;500;0;0;
SE Nova Porto Primavera;PORTO PRIMAVERA - Porto Primavera Transmissora de Energia S/A.;2006;440/230;0;0;
SE Nova Prata 2;CEEE GT - Companhia Estadual de Geração e Transmissão de Energia Elétrica;-;230/69;0;0;
SE Nova Santa Rita;ELETROSUL - ELETROSUL Centrais Elétricas S.A.;2006;525/230;0;0;
SE Oeste;CTEEP - Companhia de Transmissão de Energia Elétrica Paulista;-;440/88;0;0;
SE Olindina;CHESF - CHESF - Companhia Hidro Elétrica do São Francisco;-;500/230;0;0;
SE Onça Puma;OURILANDIA - OURILANDIA DO NORTE TRANSMISSORA DE ENERGIA S.A.;-;230/138;0;0;
SE Oriximiná;MACAPA TRA - LINHAS DE MACAPÁ TRANSMISSORA DE ENERGIA SA;2013;500/230/138/15,5;0;0;
SE Osório 3;CPFL SUL II - CPFL TRANSMISSÃO DE ENERGIA SUL II LTDA.;2023;230;0;0;
SE Padre Fialho;MONTES CLAROS - LINHAS DE TRANSMISSAO DE MONTES CLAROS LTDA;2013;345/138/20;0;0;
SE Palhoça (ELETROSUL);ELETROSUL - ELETROSUL Centrais Elétricas S.A.;-;230/138;0;0;
SE Palmas;MIRACEMA - MIRACEMA TRANSMISSORA DE ENERGIA ELETRICA S/A;2019;230/138;0;0;
SE Palmeiras;CELG - GT - CELG GERAÇÃO E TRANSMISSÃO S/A;1996;230/69;0;0;
SE Paracatu 4;SMTE - Serra da Mesa Transmissora de Energia S/A.;2008;500/138;0;0;
SE Paraguaçu Paulista 2;-;2015;230/88;0;0;
SE Paraíso (RN);CHESF - CHESF - Companhia Hidro Elétrica do São Francisco;2004;230/138;0;0;
SE Paranaíba;CELG - GT - CELG GERAÇÃO E TRANSMISSÃO S/A;-;230/69;0;0;
SE Paranaíta;MATRINCHA - MATRINCHA TRANSMISSORA DE ENERGIA S A;2015;500/138;0;0;
SE Paranatinga;MATRINCHA - MATRINCHA TRANSMISSORA DE ENERGIA S A;2016;500/230;0;0;
SE Parigot Souza;COPEL-GT - COPEL GERAÇÃO E TRANSMISSÃO S.A;1996;230/138;0;0;
SE Parintins;PARINTINS AMAZONAS - PARINTINS AMAZONAS TRANSMISSORA DE ENERGIA S.A.;2023;230/138;0;0;
SE Passo Fundo;ELETROSUL - ELETROSUL Centrais Elétricas S.A.;1973;230/138;0;0;
SE Passo Real;CEEE GT - Companhia Estadual de Geração e Transmissão de Energia Elétrica;1973;230/138;0;0;
SE Pato Branco;COPEL-GT - COPEL GERAÇÃO E TRANSMISSÃO S.A;1989;230/138/34,5;0;0;
SE Pau Ferro;CHESF - CHESF - Companhia Hidro Elétrica do São Francisco;-;500/230/69;0;0;
SE Paulo Afonso III;CHESF - CHESF - Companhia Hidro Elétrica do São Francisco;-;230;0;0;
SE Paulo Afonso IV;CHESF - CHESF - Companhia Hidro Elétrica do São Francisco;-;500/230;0;0;
SE Peixe 2;INTESA - INTEGRAÇAO TRANSMISSORA DE ENERGIA S.A;2008;500;0;0;
SE Pelotas 3;CEEE GT - Companhia Estadual de Geração e Transmissão de Energia Elétrica;-;230/138/13,8;0;0;
SE Penedo;CHESF - CHESF - Companhia Hidro Elétrica do São Francisco;-;230/69;0;0;
SE Pici II;CHESF - CHESF - Companhia Hidro Elétrica do São Francisco;2005;230/69;0;0;
SE Picos;CHESF - CHESF - Companhia Hidro Elétrica do São Francisco;-;230/69;0;0;
SE Pilarzinho;COPEL-GT - COPEL GERAÇÃO E TRANSMISSÃO S.A;-;230/69/13,8;0;0;
SE Pimenta;CEMIG - Companhia Energética de Minas Gerais;-;345/138;0;0;
SE Pimenta Bueno;ELETRONORTE - Centrais Elétricas do Norte do Brasil S/A;2008;230/138;0;0;
SE Pinhalzinho 2;FOTE - FRONTEIRA OESTE TRANSMISSORA DE ENERGIA SA;2018;230/138;0;0;
SE Piraju;CBA - Companhia Brasileira de Aluminio;2002;230;0;0;
SE Pirapama II;CHESF - CHESF - Companhia Hidro Elétrica do São Francisco;-;230/69;0;0;
SE Pirapora 2;SPTE - Serra Paracatu Transmissora de Energia S/A.;2009;500/345/138;0;0;
SE Piratininga;CTEEP - Companhia de Transmissão de Energia Elétrica Paulista;-;230/88;0;0;
SE Piratininga 2;IEP - INTERLIGAÇÃO ELÉTRICA PINHEIROS S.A;2011;345/88;0;0;
SE Pirineus;FURNAS - Furnas Centrais Elétricas S.A.;2006;345/230;0;0;
SE Piripiri;CHESF - CHESF - Companhia Hidro Elétrica do São Francisco;-;230/138/69/13,8;0;0;
SE Pirituba;CTEEP - Companhia de Transmissão de Energia Elétrica Paulista;-;230/88;0;0;
SE Vitória;FURNAS - Furnas Centrais Elétricas S.A.;1977;345/138;0;0;
SE Pituaçu;CHESF - CHESF - Companhia Hidro Elétrica do São Francisco;-;230/69;0;0;
SE Planalto;CELG - GT - CELG GERAÇÃO E TRANSMISSÃO S/A;-;230/69;0;0;
SE Poções II;CHESF - CHESF - Companhia Hidro Elétrica do São Francisco;2019;500/230;0;0;
SE Pólo Petroquímico;CEEE GT - Companhia Estadual de Geração e Transmissão de Energia Elétrica;-;230/69/34,5;0;0;
SE Ponta Grossa Sul;COPEL-GT - COPEL GERAÇÃO E TRANSMISSÃO S.A;-;230/138/34,5;0;0;
SE Ponta Grossa Norte;COPEL-GT - COPEL GERAÇÃO E TRANSMISSÃO S.A;-;230/138/34,5;0;0;
SE Ponte de Pedra;ENGIE - ENGIE BRASIL ENERGIA SA;2005;230/13,8;0;0;
SE Porto Alegre 1;ELETROSUL - ELETROSUL Centrais Elétricas S.A.;-;230/69;0;0;
SE Porto Alegre 8;CEEE GT - Companhia Estadual de Geração e Transmissão de Energia Elétrica;2008;230/69;0;0;
SE Porto Alegre 4;CEEE GT - Companhia Estadual de Geração e Transmissão de Energia Elétrica;-;230/13,8;0;0;
SE Porto Alegre 9;CEEE GT - Companhia Estadual de Geração e Transmissão de Energia Elétrica;-;230/69/13,8;0;0;
SE Porto Alegre 6;CEEE GT - Companhia Estadual de Geração e Transmissão de Energia Elétrica;-;230/69/13,8;0;0;
SE Porto Alegre 10;CEEE GT - Companhia Estadual de Geração e Transmissão de Energia Elétrica;-;230/69/13,8;0;0;
SE Jardim Botânico;TESB - TRANSMISSORA DE ENERGIA SUL BRASIL;2019;230/69;0;0;
SE UHE Porto Colômbia;FURNAS - Furnas Centrais Elétricas S.A.;1973;345/138;0;0;
SE Porto Estrela;PORTO ESTRELA - Consorcio AHE Porto Estrela;2001;230/13,8;0;0;
SE Porto Franco;ELETRONORTE - Centrais Elétricas do Norte do Brasil S/A;-;230/138/69;0;0;
SE Porto Velho;ELETRONORTE - Centrais Elétricas do Norte do Brasil S/A;-;230/69;0;0;
SE Posto Fiscal;COPEL-GT - COPEL GERAÇÃO E TRANSMISSÃO S.A;2007;230/138/13,8;0;0;
SE Povo Novo;TSLE - TRANSMISSORA SUL LITORÂNEA DE ENERGIA S.A.;2014;525/230;0;0;
SE Presidente Dutra;ELETRONORTE - Centrais Elétricas do Norte do Brasil S/A;-;500/230/69/13,8;0;0;
SE Presidente Juscelino;MANTIQUEIRA TRANSMIS - MANTIQUEIRA TRANSMISSORA DE ENERGIA S.A.;2021;500/345;0;0;
SE Quinta;CEEE GT - Companhia Estadual de Geração e Transmissão de Energia Elétrica;-;230/138/69/13,8;0;0;
SE Quixadá;CHESF - CHESF - Companhia Hidro Elétrica do São Francisco;2003;500;0;0;
SE Ramom Reberte Filho;CTEEP - Companhia de Transmissão de Energia Elétrica Paulista;-;345/88;0;0;
SE Ratones;IE BIGUAÇU - INTERLIGAÇÃO ELÉTRICA BIGUAÇU S.A.;2022;230/138;0;0;
SE Realeza Sul;COPEL-GT - COPEL GERAÇÃO E TRANSMISSÃO S.A;2017;230/138;0;0;
SE Recife II;CHESF - CHESF - Companhia Hidro Elétrica do São Francisco;-;500/230/13,8;0;0;
SE Ribeirão;CHESF - CHESF - Companhia Hidro Elétrica do São Francisco;-;230/69;0;0;
SE Ribeirãozinho;ITE - Itumbiara Transmissora de Energia S/A.;2006;500/230;0;0;
SE Ribeirão Preto;CTEEP - Companhia de Transmissão de Energia Elétrica Paulista;-;500/440/138;0;0;
SE Ribeiro Gonçalves;ATE II - ATE II TRANSMISSORA DE ENERGIA S.A;2006;500/230/69;0;0;
SE Rio Branco I;ELETRONORTE - Centrais Elétricas do Norte do Brasil S/A;-;230/138/69/13,8;0;0;
SE Rio das Éguas;TAESA - TRANSMISSORA ALIANÇA DE ENERGIA ELÉTRICA S A;2003;500;0;0;
SE Rio Largo II;CHESF - CHESF - Companhia Hidro Elétrica do São Francisco;-;230/69;0;0;
SE Rio Novo do Sul;ETC CAPIXABA - ETC - EMPRESA TRANSMISSORA CAPIXABA S.A.;2019;500/345/138;0;0;
SE Rio Verde Norte;ITE - Itumbiara Transmissora de Energia S/A.;2006;500;0;0;
SE Rondonópolis;ELETRONORTE - Centrais Elétricas do Norte do Brasil S/A;-;230/138/13,8;0;0;
SE Rurópolis;ELETRONORTE - Centrais Elétricas do Norte do Brasil S/A;-;230/138;0;0;
SE Russas II;CHESF - CHESF - Companhia Hidro Elétrica do São Francisco;-;230/69;0;0;
SE Salto;IESJ - Interligação Elétrica Serra do Japi S.A.;2012;440/88;0;0;
SE Salto Grande;DUKE ENERGY - Duke Energy Internacional - Geração Paranapanema;1958;230/88;0;0;
SE Salto Osório;ELETROSUL - ELETROSUL Centrais Elétricas S.A.;-;230/69;0;0;
SE Salto Santiago;ELETROSUL - ELETROSUL Centrais Elétricas S.A.;1980;525;0;0;
SE Samuel;ELETRONORTE - Centrais Elétricas do Norte do Brasil S/A;-;230;0;0;
SE Santa Bárbara d´Oeste;CTEEP - Companhia de Transmissão de Energia Elétrica Paulista;-;440/138/13,8;0;0;
SE Santa Cabeça;CTEEP - Companhia de Transmissão de Energia Elétrica Paulista;-;230/88;0;0;
SE Santa Cruz 1;CEEE GT - Companhia Estadual de Geração e Transmissão de Energia Elétrica;-;230/69/13,8;0;0;
SE Santa Maria;ELETRONORTE - Centrais Elétricas do Norte do Brasil S/A;-;230/138/69;0;0;
SE Santa Maria 3;CEEE GT - Companhia Estadual de Geração e Transmissão de Energia Elétrica;-;230/138/69;0;0;
SE Santa Marta;CEEE GT - Companhia Estadual de Geração e Transmissão de Energia Elétrica;-;230/138/69/44/13,8;0;0;
SE Santa Mônica;COPEL-GT - COPEL GERAÇÃO E TRANSMISSÃO S.A;2007;230/69;0;0;
SE Santa Rita II;CHESF - CHESF - Companhia Hidro Elétrica do São Francisco;2012;230/69;0;0;
SE Santa Rosa 1;CEEE GT - Companhia Estadual de Geração e Transmissão de Energia Elétrica;-;230/69;0;0;
SE Santa Vitoria do Palmar 2;TSLE - TRANSMISSORA SUL LITORÂNEA DE ENERGIA S.A.;2014;525/138;0;0;
SE Santana do Araguaia;ENERGISA PARÁ - ENERGISA PARÁ TRANSMISSORA DE ENERGIA I SA;2020;230/138;0;0;
SE Santo Angelo;CTEEP - Companhia de Transmissão de Energia Elétrica Paulista;-;440/345/138;0;0;
SE Santo Angelo 2;CEEE GT - Companhia Estadual de Geração e Transmissão de Energia Elétrica;-;230/69;0;0;
SE Santo Antônio de Jesus;CHESF - CHESF - Companhia Hidro Elétrica do São Francisco;-;230/69;0;0;
SE São Borja 2;CEEE GT - Companhia Estadual de Geração e Transmissão de Energia Elétrica;-;230/69/23;0;0;
SE São Gonçalo do Pará;CEMIG GT - CEMIG GERAÇÃO E TRANSMISSÃO S.A;1998;500/138;0;0;
SE São Gotardo 2;CEMIG - Companhia Energética de Minas Gerais;-;500/345/138;0;0;
SE São João do Piauí;CHESF - CHESF - Companhia Hidro Elétrica do São Francisco;-;500/230;0;0;
SE São José;FURNAS - Furnas Centrais Elétricas S.A.;1993;500/138;0;0;
SE São José dos Campos;CTEEP - Companhia de Transmissão de Energia Elétrica Paulista;-;230/88;0;0;
SE São Luis II;ELETRONORTE - Centrais Elétricas do Norte do Brasil S/A;-;500/230/18,3;0;0;
SE São Mateus do Sul;COPEL-GT - COPEL GERAÇÃO E TRANSMISSÃO S.A;-;230/34,5;0;0;
SE São Simão;CEMIG - Companhia Energética de Minas Gerais;-;500;0;0;
SE São Vicente do Sul;CEEE GT - Companhia Estadual de Geração e Transmissão de Energia Elétrica;-;230/69;0;0;
SE Sapeaçu;TAESA - TRANSMISSORA ALIANÇA DE ENERGIA ELÉTRICA S A;2003;500/230;0;0;
SE Sarandi;COPEL-GT - COPEL GERAÇÃO E TRANSMISSÃO S.A;2006;230/138;0;0;
SE Sarzedo;MANTIQUEIRA TRANSMIS - MANTIQUEIRA TRANSMISSORA DE ENERGIA S.A.;2023;345;0;0;
SE Scharlau;CEEE GT - Companhia Estadual de Geração e Transmissão de Energia Elétrica;-;230/138/69/23;0;0;
SE Senhor do Bonfim II;CHESF - CHESF - Companhia Hidro Elétrica do São Francisco;-;230/138/69;0;0;
SE Serra da Mesa 2;INTESA - INTEGRAÇAO TRANSMISSORA DE ENERGIA S.A;2008;500;0;0;
SE Sete Lagoas 4;SETE LAGOAS - SETE LAGOAS TRANSMISSORA DE ENERGIA LTDA;2014;345/138;0;0;
SE Siderópolis;ELETROSUL - ELETROSUL Centrais Elétricas S.A.;-;230/69;0;0;
SE Sidrolândia 2;BRILHANTE - Brilhante Transmissora de Energia Ltda;2010;230/138;0;0;
SE Silves;MANAUS TR - MANAUS TRANSMISSORA DE ENERGIA S.A;2013;500/138/20;0;0;
SE Sobradinho;CHESF - CHESF - Companhia Hidro Elétrica do São Francisco;1979;500/230;0;0;
SE Sobral II;CHESF - CHESF - Companhia Hidro Elétrica do São Francisco;-;230/69;0;0;
SE Sobral III;CHESF - CHESF - Companhia Hidro Elétrica do São Francisco;-;500/230;0;0;
SE Sorriso;ELETRONORTE - Centrais Elétricas do Norte do Brasil S/A;-;230/69;0;0;
SE Suape II;CHESF - CHESF - Companhia Hidro Elétrica do São Francisco;2012;500/230;0;0;
SE Samambaia;FURNAS - Furnas Centrais Elétricas S.A.;1998;500/345/138;0;0;
SE Sul;CTEEP - Companhia de Transmissão de Energia Elétrica Paulista;-;345/88;0;0;
SE Sumaré;CTEEP - Companhia de Transmissão de Energia Elétrica Paulista;-;440/138/13,8;0;0;
SE Taquaruçu;DUKE ENERGY - Duke Energy Internacional - Geração Paranapanema;1992;440/138;0;0;
SE Tapajós 2;EQUATORIAL 8 - EQUATORIAL TRANSMISSORA DE ENERGIA 8 SPE;2020;230/138;0;0;
SE Tapera 2;CEEE GT - Companhia Estadual de Geração e Transmissão de Energia Elétrica;2005;230/69;0;0;
SE Taquara;CEEE GT - Companhia Estadual de Geração e Transmissão de Energia Elétrica;-;230/138/13,8;0;0;
SE Taquaril;CEMIG - Companhia Energética de Minas Gerais;1976;345/230/138;0;0;
SE Tauá II;CHESF - CHESF - Companhia Hidro Elétrica do São Francisco;2007;230/69;0;0;
SE Taubaté;CTEEP - Companhia de Transmissão de Energia Elétrica Paulista;-;500/440/230/138;0;0;
SE Teresina;CHESF - CHESF - Companhia Hidro Elétrica do São Francisco;-;230/69/13,8;0;0;
SE Fortaleza;CHESF - CHESF - Companhia Hidro Elétrica do São Francisco;-;230/69;0;0;
SE Teresina III;CHESF - CHESF - Companhia Hidro Elétrica do São Francisco;2017;230/69;0;0;
SE Leste;CTEEP - Companhia de Transmissão de Energia Elétrica Paulista;-;345/88;0;0;
SE Tijuco Preto;FURNAS - Furnas Centrais Elétricas S.A.;1982;765/500/345;0;0;
SE Timóteo 1;CEMIG - Companhia Energética de Minas Gerais;-;230/13,8;0;0;
SE Aperam;APERAM INOX AMÉRICA DO SUL S.A.;-;230/69/13,8;0;0;
SE Timóteo 2;TIMOTEO MESQUITA - EMPRESA DE TRANSMISSÃO TIMÓTEO MESQUITA LTDA;2022;230/69;0;0;
SE Tacaimbó;CHESF - CHESF - Companhia Hidro Elétrica do São Francisco;-;230/69;0;0;
SE Tomé-Açu;ETEPA - ETEPA - EMPRESA TRANSMISSORA DE ENERGIA DO PARA S.A.;2023;230/138;0;0;
SE Torres 2;LITORAL SUL - LITORAL SUL TRANSMISSORA DE ENERGIA LTDA;2022;230/69;0;0;
SE Transamazônica;ELETRONORTE - Centrais Elétricas do Norte do Brasil S/A;-;230/34,5;0;0;
SE Três Irmãos;TIJOA - TIJOA PARTICIPAÇÕES E INVESTIMENTOS S.A.;1993;440/138;0;0;
SE Três Marias;CEMIG GT - CEMIG GERAÇÃO E TRANSMISSÃO S.A;1962;345/289/138;0;0;
SE Trindade;GOIAS TRA - GOIAS TRANSMISSAO SA;2013;500/230;0;0;
SE Tucuruí;ELETRONORTE - Centrais Elétricas do Norte do Brasil S/A;-;500/230/138/69;0;0;
SE Uberaba;COPEL-GT - COPEL GERAÇÃO E TRANSMISSÃO S.A;-;230/69/13,8;0;0;
SE Umbará;COPEL-GT - COPEL GERAÇÃO E TRANSMISSÃO S.A;-;230/69;0;0;
SE Conversora Uruguaiana;ELETROSUL - ELETROSUL Centrais Elétricas S.A.;-;230/132/13,8;0;0;
SE Charqueadas;ELETROSUL - ELETROSUL Centrais Elétricas S.A.;-;230/69/34,5;0;0;
SE Utinga;ELETRONORTE - Centrais Elétricas do Norte do Brasil S/A;-;230/69;0;0;
SE Varginha 4;MANTIQUEIRA TRANSMIS - MANTIQUEIRA TRANSMISSORA DE ENERGIA S.A.;2023;345/138;0;0;
SE Várzea da Palma 1;CEMIG - Companhia Energética de Minas Gerais;1965;345/138;0;0;
SE Venâncio Aires;CEEE GT - Companhia Estadual de Geração e Transmissão de Energia Elétrica;-;230/69;0;0;
SE Venda das Pedras;PEDRAS TRA - PEDRAS TRANSMISSORA DE ENERGIA LTDA;2010;345/138;0;0;
SE Veracel;-;-;230;0;0;
SE Vespasiano 2;CEMIG - Companhia Energética de Minas Gerais;2003;500/138;0;0;
SE Viamão 3;TESB - TRANSMISSORA DE ENERGIA SUL BRASIL;2016;230/69;0;0;
SE Viana;FURNAS - Furnas Centrais Elétricas S.A.;2005;345/138;0;0;
SE Viana 2;MGE TRA - MGE TRANSMISSO SA;2014;500/345;0;0;
SE Videira;ATE VI - ATE VI - Campos Novos Transmissora de Energia S.A.;2009;230/138;0;0;
SE Vila do Conde;ELETRONORTE - Centrais Elétricas do Norte do Brasil S/A;-;500/230/69/13,8;0;0;
SE Vila Maria;CPFL SUL II - CPFL TRANSMISSÃO DE ENERGIA SUL II LTDA.;2022;230/138;0;0;
SE Vilhena;ELETRONORTE - Centrais Elétricas do Norte do Brasil S/A;2008;230/69/34,5/22/13,8;0;0;
SE Volta Grande;CEMIG GT - CEMIG GERAÇÃO E TRANSMISSÃO S.A;1974;345/13,8;0;0;
SE Xanxerê;ELETROSUL - ELETROSUL Centrais Elétricas S.A.;-;230/138;0;0;
SE Xavantes;CTEEP - Companhia de Transmissão de Energia Elétrica Paulista;-;345;0;0;
SE Xavantes;CELG - GT - CELG GERAÇÃO E TRANSMISSÃO S/A;-;230/138;0;0;
SE Xingó;CHESF - CHESF - Companhia Hidro Elétrica do São Francisco;-;500/18;0;0;
SE Xingu;XINGU TRA - LINHAS DE XINGU TRANSMISSORA DE ENERGIA SA;2013;500/230;0;0;
SE Osório 2;CEEE GT - Companhia Estadual de Geração e Transmissão de Energia Elétrica;-;230/138/69;0;0;
SE Porto Alegre 13;CEEE GT - Companhia Estadual de Geração e Transmissão de Energia Elétrica;-;230/13,8;0;0;
SE Miltônia III (Paragominas);Vale;-;230;0;0;
SE Siderópolis 2;EDP ALIANCA - EDP TRANSMISSAO ALIANCA SC S.A.;2021;500/230;0;0;
SE Londrina;COPEL-GT - COPEL GERAÇÃO E TRANSMISSÃO S.A;1984;230/138;0;0;
SE Segredo;COPEL-GT - COPEL GERAÇÃO E TRANSMISSÃO S.A;1992;500;0;0;
SE Miramar;ELETRONORTE - Centrais Elétricas do Norte do Brasil S/A;2016;230/69;0;0;
SE Guarita;CEEE GT - Companhia Estadual de Geração e Transmissão de Energia Elétrica;-;230/69/23;0;0;
SE Canoas 1;CEEE GT - Companhia Estadual de Geração e Transmissão de Energia Elétrica;-;230/23;0;0;
SE Complexo Industrial Automotivo de Gravataí;CEEE GT;-;230/23;0;0;
SE Campo Comprido;COPEL-GT - COPEL GERAÇÃO E TRANSMISSÃO S.A;-;230/69/13,8;0;0;
SE Siderúrgica Guaíra;-;-;230;0;0;
SE Santa Quitéria;CAIUÁ TRANSMISSORA - CAIUÁ TRANSMISSORA DE ENERGIA S.A;2014;230/69/13,8;0;0;
SE Salto Caxias;COPEL-GT - COPEL GERAÇÃO E TRANSMISSÃO S.A;1999;500;0;0;
SE Imperatriz;ELETRONORTE - Centrais Elétricas do Norte do Brasil S/A;-;500/230/69/13,8;0;0;
SE São Luís I;ELETRONORTE - Centrais Elétricas do Norte do Brasil S/A;-;230/69;0;0;
SE São Luís III;ELETRONORTE - Centrais Elétricas do Norte do Brasil S/A;2010;230/69;0;0;
SE Uruguaiana 5;CEEE GT - Companhia Estadual de Geração e Transmissão de Energia Elétrica;-;230/69;0;0;
SE Anhanguera;EDP GOIAS - EDP TRANSMISSÃO GOIÁS S.A.;-;230/138/69;0;0;
SE Goiânia Leste;CELG - GT - CELG GERAÇÃO E TRANSMISSÃO S/A;-;230/13,8;0;0;
SE Carbocloro;CTEEP - Companhia de Transmissão de Energia Elétrica Paulista;2004;230/138/13,8;0;0;
SE Petrobras Cubatão;CTEEP - Companhia de Transmissão de Energia Elétrica Paulista;2009;230;0;0;
SE Bom Jesus da Lapa;CHESF - CHESF - Companhia Hidro Elétrica do São Francisco;-;230/69;0;0;
SE João Monlevade 2;CEMIG - Companhia Energética de Minas Gerais;-;230/69;0;0;
SE Joairam;CHESF - CHESF - Companhia Hidro Elétrica do São Francisco;2006;230/69;0;0;
SE Brasnorte;BRASNORTE - BRASNORTE TRANSMISSORA DE ENERGIA S.A.;2009;230/138;0;0;
SE Coteminas;CHESF - CHESF - Companhia Hidro Elétrica do São Francisco;2009;230/13,8;0;0;
SE Cotegipe;CHESF - CHESF - Companhia Hidro Elétrica do São Francisco;-;230/69;0;0;
SE Peritoró;ELETRONORTE - Centrais Elétricas do Norte do Brasil S/A;-;230/69;0;0;
SE Repar;COPEL-GT - COPEL GERAÇÃO E TRANSMISSÃO S.A;2009;230/69;0;0;
SE UTE Fernando Gasparian;PETROBRAS - Petroleo Brasileiro S.A;-;230/13,8;0;0;
SE Ford;AFLUENTE TRANSMISSÃO - Afluente Transmissão de Energia Elétrica SA;-;230/13,8;0;0;
SE Itagibá;AFLUENTE TRANSMISSÃO - Afluente Transmissão de Energia Elétrica SA;2009;230;0;0;
SE Goianinha;CHESF - CHESF - Companhia Hidro Elétrica do São Francisco;-;230/69;0;0;
SE Usiminas;-;-;230;0;0;
SE Itabaianinha;CHESF - CHESF - Companhia Hidro Elétrica do São Francisco;-;230/69;0;0;
SE Itapebi;CHESF - CHESF - Companhia Hidro Elétrica do São Francisco;2003;230/13,8;0;0;
SE Cia. Siderúrgica do Atlântico;CSA - Thyssenkrupp CSA Siderurgica do Atlântico;2011;500/138/13,8;0;0;
SE Zona Oeste;FURNAS - Furnas Centrais Elétricas S.A.;2011;500/138;0;0;
SE Rio Verde;FURNAS - Furnas Centrais Elétricas S.A.;1975;230/138;0;0;
SE Rio do Sul;STC - STC - Sistema de Transmissão Catarinense S.A.;2007;230/138;0;0;
SE Verona;ETES - EMPRESA DE TRANSMISSÃO DO ESPÍRITO SANTO S.A.;2010;230/138;0;0;
SE Missões;ELETROSUL - ELETROSUL Centrais Elétricas S.A.;-;230/69;0;0;
SE Sabará 3;ANGLOGOLD ASHANTI - ANGLOGOLD ASHANTI CÓRREGO DO SÍTIO MINERAÇÃO SA;2007;230/13,8;0;0;
SE Santo Angelo;ELETROSUL - ELETROSUL Centrais Elétricas S.A.;-;525/230;0;0;
SE Sinop;ELETRONORTE - Centrais Elétricas do Norte do Brasil S/A;-;230/138;0;0;
SE Teresina II;CHESF - CHESF - Companhia Hidro Elétrica do São Francisco;-;500/230/69;0;0;
SE UTE Uruguaiana;AES URUGUAIANA - AES Uruguaiana Ltda.;-;230;0;0;
SE UHE Boa Esperança;CHESF - CHESF - Companhia Hidro Elétrica do São Francisco;1970;230/69/13,8;0;0;
SE UTE Fortaleza;CGTF - Central Geradora Termelétrica Fortaleza S.A;2003;230/13,8;0;0;
SE UHE Governador Bento Munhoz da Rocha Netto;COPEL-GT - COPEL GERAÇÃO E TRANSMISSÃO S.A;1980;500/16,5;0;0;
SE Furnas;FURNAS - Furnas Centrais Elétricas S.A.;1963;345/138/15/13,8;0;0;
SE UHE Jaguara;CEMIG GT - CEMIG GERAÇÃO E TRANSMISSÃO S.A;1971;345/138/13,8;0;0;
SE UTE Mario Lago;PETROBRAS - Petroleo Brasileiro S.A;2001;345/13,8;0;0;
SE UTE Norte Fluminense;EDF (Electricité de France);-;345;0;0;
SE UTE Viana;TEVISA - TERMELÉTRICA VIANA S.A;2010;345/13,8;0;0;
SE Resende;FURNAS - Furnas Centrais Elétricas S.A.;2009;500/138;0;0;
SE UHE Manso;FURNAS - Furnas Centrais Elétricas S.A.;2000;230/13,8;0;0;
SE UHE Peixe Angical;ENERPEIXE - Enerpeixe S.A.;2006;500/138/13,8;0;0;
SE Gravataí;ELETROSUL - ELETROSUL Centrais Elétricas S.A.;1993;525/230;0;0;
SE Jaguarari;CHESF - CHESF - Companhia Hidro Elétrica do São Francisco;-;230;0;0;
SE Margem Direita;ITAIPU - ITAIPU Binacional;-;500/220;0;0;
SE São Bento Mineração;-;-;230;0;0;
SE Solvay;CTEEP - Companhia de Transmissão de Energia Elétrica Paulista;2011;440/88;0;0;
SE Juína;EBTE TRA - EMPRESA BRASILEIRA DE TRANSMISSÃO DE ENERGIA S.A;2011;230/138;0;0;
SE Dardanelos;AGUAS DA PEDRA - ENERGETICA AGUAS DA PEDRA S.A.;2011;230/34,5/13,8;0;0;
SE Juba;BRASNORTE - BRASNORTE TRANSMISSORA DE ENERGIA S.A.;2009;230/138;0;0;
SE Várzea Grande 2;ETVG - EMPRESA DE TRANSMISSAO DE VARZEA GRANDE SA ETVG;2012;230/138;0;0;
SE Parecis;EBTE TRA - EMPRESA BRASILEIRA DE TRANSMISSÃO DE ENERGIA S.A;2011;230/138;0;0;
SE UTE Cristiano Rocha;Multiner S.A.;2006;230;0;0;
SE Mauá III;AMAZONAS GT - AMAZONAS GERAÇÃO E TRANSMISSÃO DE ENERGIA SA;2014;230/138/69;0;0;
SE Inocência;ITATIM - Linhas de Transmissão Itatim Ldta;2011;230/138;0;0;
SE Ilha Solteira 2;ITATIM - Linhas de Transmissão Itatim Ldta;2011;440/230;0;0;
SE Mauá;COPEL-GT - COPEL GERAÇÃO E TRANSMISSÃO S.A;2012;230/34,5;0;0;
SE Foz do Iguaçu Norte;ATE VII - ATE VII - FOZ DO IGUAÇU TRANSMISSORA DE ENERGIA S.A.;2009;230/138;0;0;
SE UHE Santo Antonio do Jari;-;2014;230;0;0;
SE UHE Ferreira Gomes;-;2014;230;0;0;
SE Xinguara II;ATLANTICO - ATLANTICO CONCESSIONARIA DE TRANSMISSAO DE ENERGIA DO BRASIL;2013;230/138;0;0;
SE Castanhal;ERTE - Empresa Regional de Transmissão de Energia S.A.;2012;230/138;0;0;
SE Marabá (Celpa);Celpa;-;230;0;0;
SE Alumar;-;-;230;0;0;
SE Pecém II;TDG DELMIRO GOUVEIA - TDG TRANSMISSORA DELMIRO GOUVEIA SA;2013;500/230;0;0;
SE Trairí;EOL TRAIRÍ - Central Eólica Trairí SA;2013;230/34,5;0;0;
SE Quirinópolis 2;TRANSENER RENOVAVEL - Transenergia Renovável S.A.;2011;230/138;0;0;
SE Barra dos Coqueiros;COQUEIROS TRA - COQUEIROS TRANSMISSORA DE ENRGIA LTDA;2009;230;0;0;
SE UHE Caçu;GERDAU SA - Gerdau Acos Longos SA;2010;230/13,8;0;0;
SE Itaguaçu;COQUEIROS TRA - COQUEIROS TRANSMISSORA DE ENRGIA LTDA;2009;500/230;0;0;
SE Aquiraz II;TDG DELMIRO GOUVEIA - TDG TRANSMISSORA DELMIRO GOUVEIA SA;2013;230/69;0;0;
SE Edéia;TRANSENER RENOVAVEL - Transenergia Renovável S.A.;2012;230/138;0;0;
SE UHE São Salvador;ENGIE - ENGIE BRASIL ENERGIA SA;2009;230/13,8;0;0;
SE UHE Estreito;CE ESTREITO - Companhia Energética Estreito;2011;500/13,8;0;0;
SE UTE Suzano;SUZANO - Suzano Papel e Celulose SA;2014;230/34,5;0;0;
SE Geranorte;GERA MARANHAO - Gera Maranhão Geradora de Energia do Maranhão SA;2010;230/13,8;0;0;
SE Santo Antonio dos Lopes;ELETRONORTE - Centrais Elétricas do Norte do Brasil S/A;2012;500;0;0;
SE Quixeré;CHESF - CHESF - Companhia Hidro Elétrica do São Francisco;2014;230;0;0;
SE Praia Formosa;-;2009;230;0;0;
SE Massapê II;SIIF - Siif Enèrgies do Brasil Ltda;2009;230;0;0;
SE Icaraizinho;-;2009;230;0;0;
SE Floresta II;CHESF - CHESF - Companhia Hidro Elétrica do São Francisco;2014;230;0;0;
SE Tacaratu;CHESF - CHESF - Companhia Hidro Elétrica do São Francisco;2014;230/34,5;0;0;
SE Icaraí;EOL ICARAÍ I - Central Geradora Eólica Icaraí I SA;2014;230/34,5;0;0;
SE Faísa;EOL FAÍSA I - Eólica Faísa I Geração e Comercialização de Energia SA;2014;230/34,5;0;0;
SE UTE Vale do Açu;PETROBRAS - Petroleo Brasileiro S.A;2008;230;0;0;
SE Natal III;CHESF - CHESF - Companhia Hidro Elétrica do São Francisco;2012;230/69;0;0;
SE Areia Branca;EOL MAR E TERRA - Eólica Mar e Terra Geração e Comercialização;2014;230/34,5;0;0;
SE Miassaba 3;BRASVENTOS MIASSABA - Brasventos Miassaba 3 Geradora de Energia SA;2014;230/34,5;0;0;
SE União dos Ventos;EOL POTIGUAR - Energia Potiguar Geradora Eólica SA;2014;230/69/34,5;0;0;
SE Norfil;TAESA - TRANSMISSORA ALIANÇA DE ENERGIA ELÉTRICA S A;2014;230;0;0;
SE Rio Brilhante;BRILHANTE - Brilhante Transmissora de Energia Ltda;2010;230/138;0;0;
SE Umuarama Sul;COSTA OESTE - COSTA OESTE TRANSMISSORA DE ENERGIA SA;2014;230/138;0;0;
SE Cascavel Norte;CAIUÁ TRANSMISSORA - CAIUÁ TRANSMISSORA DE ENERGIA S.A;2014;230/138;0;0;
SE Cerro Chato;CERRO CHATO 1 - EOLICA CERRO CHATO I S.A.;2011;230/34,5;0;0;
SE Energia Pecém;PORTO PECEM - Porto Pecem Geracao de Energia SA;2010;230;0;0;
SE UTE Termoceará;PETROBRAS - Petroleo Brasileiro S.A;2002;230/13,8;0;0;
SE Carcará II;CARCARÁ II - Usina de Energia Eólica Carcará II S.A.;2014;230;0;0;
SE Galinhos;BRASVENTOS EOLO - Brasventos Eolo Gerador de Energia S.A;2014;230/34,5;0;0;
SE Alegria;NEW ENERGY - New Energy Options Ltda;2011;230/34,5;0;0;
SE Ijuí 2;ELETROSUL - ELETROSUL Centrais Elétricas S.A.;2013;230;0;0;
SE Epasa;EPASA - CENTRAIS ELÉTRICAS DA PARAÍBA S.A;2010;230;0;0;
SE Aldeia;EPESA - CENTRAIS ELÉTRICAS DE PERNAMBUCO S.A.;2009;230;0;0;
SE Angelim II;CHESF - CHESF - Companhia Hidro Elétrica do São Francisco;-;500/230;0;0;
SE Suape III;CHESF - CHESF - Companhia Hidro Elétrica do São Francisco;2012;230/69;0;0;
SE Termopernambuco;TERMOPERNAMBUCO - Termopernambuco S/A;2004;230/18;0;0;
SE UTE Suape II;SUAPE II - Energética Suape II S.A.;2013;230/13,8;0;0;
SE Abreu e Lima;RNEST - Refinaria Abreu e Lima SA RNEST;2014;230/69/13,8;0;0;
SE Maceió (Napoleão Moreira);CHESF - CHESF - Companhia Hidro Elétrica do São Francisco;-;230/69;0;0;
SE Zebu II;CHESF - CHESF - Companhia Hidro Elétrica do São Francisco;-;230/69;0;0;
SE Caxias 6;ELETROSUL - ELETROSUL Centrais Elétricas S.A.;2012;230/69;0;0;
SE UHE Pedra do Cavalo;Votorantim CimentosVOTORANTIM CIMENTOS - Votorantim Cimentos Ltda.;2004;230/13,8;0;0;
SE Nova Petrópolis 2;ELETROSUL - ELETROSUL Centrais Elétricas S.A.;2012;230/69;0;0;
SE UTE Apoena;;2009;230/13,8;0;0;
SE Pólo;CHESF - CHESF - Companhia Hidro Elétrica do São Francisco;2009;230/69;0;0;
SE UTE Guarani;;2010;230;0;0;
SE Global;CANDEIAS - CANDEIAS ENERGIA S.A.;2010;230;0;0;
SE UTE Celso Furtado;PETROBRAS - Petroleo Brasileiro S.A;2002;230/21;0;0;
SE Scharlau 2;IES - INTERLIGAÇÃO ELÉTRICA SUL S.A;2010;230/138;0;0;
SE Castertech;CEEE GT - Companhia Estadual de Geração e Transmissão de Energia Elétrica;2009;230/13,8;0;0;
SE Lagoa dos Barros;VENTOS DO SUL - Ventos do Sul Energia S.A.;2006;230/34,5;0;0;
SE Baguari;CEMIG GT - CEMIG GERAÇÃO E TRANSMISSÃO S.A;2009;230;0;0;
SE Gaspar 2;ETSE - ETSE - EMPRESA DE TRANSMISSÃO SERRANA S.A;2015;230/138;0;0;
SE Chapadinha II;EDP MA II - EDP TRANSMISSÃO MA II S.A.;2020;230/69;0;0;
SE Santos Dumont 2;ESDE - Empresa Santos Dumont de Energia S.A.;2013;345/138;0;0;
SE UHE Itutinga;CEMIG - Companhia Energética de Minas Gerais;1987;345/138;0;0;
SE Acaraú III;ARGO - Argo Transmissão de Energia SA;2019;500/230;0;0;
SE Bacabeira;ARGO - Argo Transmissão de Energia SA;2019;500;0;0;
SE Parnaíba III;ARGO - Argo Transmissão de Energia SA;2019;500/230;0;0;
SE Tianguá II;ARGO - Argo Transmissão de Energia SA;2019;500/230;0;0;
SE Ibiapina II;CHESF - CHESF - Companhia Hidro Elétrica do São Francisco;2016;500/230;0;0;
SE Ourolândia II;TJMME - TRANSMISSORA JOSE MARIA DE MACEDO DE ELETRICIDADE S.A.;2018;500/230;0;0;
SE Milagres II;GIOVANNI - GIOVANNI SANGUINETTI TRANSMISSORA DE ENERGIA S A;2020;500;0;0;
SE Queimada Nova II;SERTANEJA - TRANSMISSORA SERTANEJA DE ELETRICIDADE S A;2021;500/230;0;0;
SE Buritirama;EQUATORIAL 2 - Equatorial Transmissora 2 SPE SA;2020;500;0;0;
SE Curral Novo do Piauí II;IRACEMA - IRACEMA TRANSMISSORA DE ENRGIA S.A;2015;500/230;0;0;
SE Arinos 2;VEREDAS - VEREDAS TRANSMISSORA DE ELETRICIDADE S A;2021;500;0;0;
SE Padre Paraíso 2;PARAÍSO TPE - TPE - TRANSMISSORA PARAISO DE ENERGIA S.A.;2021;500;0;0;
SE Governador Valadares 6;PARAÍSO TPE - TPE - TRANSMISSORA PARAISO DE ENERGIA S.A.;2020;500/230;0;0;
SE Mutum;CAMINHO DO CAFÉ - TCC TRANSMISSORA CAMINHO DO CAFÉ S A;2021;500;0;0;
SE UHE Garibaldi;RIO CANOAS - RIO CANOAS ENERGIA SA;2013;230/13,8;0;0;
SE Terminal Rio;XRTE - XINGU RIO TRANSMISSORA DE ENERGIA S.A.;2019;800/500;0;0;
SE São Luís IV;EDP MA I - EDP TRANSMISSAO MA I S.A.;2021;500/230/69;0;0;
SE Linhares;FURNAS - Furnas Centrais Elétricas S.A.;2018;230/138;0;0;
SE São Mateus 2;-;2018;230/138;0;0;
SE João Neiva 2;IE ITAÚNAS - INTERLIGAÇÃO ELÉTRICA ITAÚNAS S.A.;2023;500/345/138;0;0;
SE GV do Brasil;CTEEP - Companhia de Transmissão de Energia Elétrica Paulista;2015;230/34,5/13,8;0;0;
SE Paranavaí Norte;IE IVAI - INTERLIGAÇÃO ELÉTRICA IVAÍ S.A.;2023;230/138;0;0;
SE Londrina Sul;GUAIRA - GUAIRA TRANSMISSORA DE ENERGIA S.A.;2021;230/138;0;0;
SE Silvânia;-;2023;800/500;0;0;
SE Toyota;CTEEP - Companhia de Transmissão de Energia Elétrica Paulista;2012;230/13,8;0;0;
SE CBA 1;-;-;230;0;0;
SE Baixada Fluminense;FURNAS - Furnas Centrais Elétricas S.A.;2013;500;0;0;
SE Baixo Iguaçu;BAIXO IGUAÇU - CONSORCIO EMPREENDEDOR BAIXO IGUACU;2019;230;0;0;
SE Teixeira de Freitas II;CHESF - CHESF - Companhia Hidro Elétrica do São Francisco;2019;230/138;0;0;
SE Guaíba 3;CHIMARRÃO - CHIMARRÃO TRANSMISSORA DE ENERGIA S.A.;2021;525/230;0;0;
SE Pindaí II;CHESF - CHESF - Companhia Hidro Elétrica do São Francisco;2015;230/69;0;0;
SE Lajeado III;SE VINEYARDS TRANSMISSAO DE ENERGIA S.A.;2019;230/69;0;0;
SE Mossoró IV;CHESF - CHESF - Companhia Hidro Elétrica do São Francisco;2017;230/69;0;0;
SE Maçambará 3;SANTANA - SANT’ANA TRANSMISSORA DE ENERGIA ELÉTRICA S.A.;2023;230;0;0;
SE Candelária 2;TESB - TRANSMISSORA DE ENERGIA SUL BRASIL;2020;230/69;0;0;
SE Restinga;TESB - TRANSMISSORA DE ENERGIA SUL BRASIL;2018;230/69;0;0;
SE Chapada III;VENTOS DE ST JOANA I - VENTOS DE SANTA JOANA I ENERGIAS RENOVAVEIS S.A;2016;230/34,5;0;0;
SE Chapada I;VSJ II - VENTOS DE SANTA JOANA II ENERGIAS RENOVAVEIS S.A.;2015;230/138;0;0;
SE Chapada II;VSJIX - VENTOS DE SANTA JOANA IX ENERGIAS RENOVÁVEIS S.A.;2015;230/34,5;0;0;
SE Touros;CHESF - CHESF - Companhia Hidro Elétrica do São Francisco;2017;230/69;0;0;
SE Lagoa Nova II;CHESF - CHESF - Companhia Hidro Elétrica do São Francisco;2015;230/69;0;0;
SE Rio Grande II;SPEDRO - SAO PEDRO TRANSMISSORA DE ENERGIA S/A;2017;230/138;0;0;
SE Tubarão Sul;EDP LITORAL SUL - EDP TRANSMISSÃO LITORAL SUL S.A.;2021;230/138/69;0;0;
SE Vega do Sul;-;-;230;0;0;
SE Piracicaba;CPFL PIRACICABA - CPFL TRANSMISSÃO PIRACICABA SA;2015;440/138;0;0;
SE Araripe III;V SANTO AUGUSTO I - VENTOS DE SANTO AUGUSTO I ENERGIA RENOVÁVEIS S.A.;2016;230;0;0;
SE Campo Formoso;CHESF - CHESF - Companhia Hidro Elétrica do São Francisco;2015;230/34,5;0;0;
SE Klabin Monte Alegre;KLABIN - Klabin SA;-;230/34,5;0;0;
SE Baguaçu;IE AGUAPEI - INTERLIGAÇÃO ELÉTRICA AGUAPEÍ S.A.;2021;440;0;0;
SE Alta Paulista;IE AGUAPEI - INTERLIGAÇÃO ELÉTRICA AGUAPEÍ S.A.;2021;440;0;0;
SE Igaporã II;CHESF - CHESF - Companhia Hidro Elétrica do São Francisco;2014;230/69;0;0;
SE Alagoinhas II;BRE 2 - BRE 2 IMPLANTAÇÃO DE SISTEMAS DE TRANSMISSÃO ELÉTRICA SOCIEDADE;2023;230;0;0;
SE Tabocas do Brejo Velho;CHESF - CHESF - Companhia Hidro Elétrica do São Francisco;2017;230/34,5;0;0;
SE Dourados 2;EKTT 12-A - EKTT 12-A SERVICOS DE TRANSMISSAO DE ENERGIA ELETRICA SPE S.A.;2021;230/138;0;0;
SE Ponta Grossa;GRALHA AZUL - GRALHA AZUL TRANSMISSÃO DE ENERGIA SA;2021;525/230;0;0;
SE Guarapuava Oeste;GRALHA AZUL - GRALHA AZUL TRANSMISSÃO DE ENERGIA S.A.;2022;230/138;0;0;
SE Irati Norte;GRALHA AZUL - GRALHA AZUL TRANSMISSÃO DE ENERGIA S.A.;2023;230/138;0;0;
SE Indaial;NEOENERGIA VALE DO ITAJAÍ TRANSMISSÃO DE ENERGIA S.A.;2023;230/138;0;0;
SE Vinhedos;VINEYARDS - SE VINEYARDS TRANSMISSAO DE ENERGIA S.A.;2021;230/69;0;0;
SE Itabuna III;ARTEON Z3 - ARTEON Z3 ENERGIA S.A;2021;230;0;0;
SE Parnaíba;PARNAIBA I GERAÇÃO - Parnaíba I Geração de Energia S.A.;2013;500;0;0;
SE Jaboatão II;CHESF - CHESF - Companhia Hidro Elétrica do São Francisco;2018;230/69;0;0;
SE Riachão;QUEIROZ GALVÃO - Queiroz Galvão Energética S.A.;2015;230/34,5;0;0;
SE UTE Porto do Itaqui;ITAQUI GERACAO - ITAQUI GERACAO DE ENERGIA S/A;2013;230/19;0;0;
SE Cimentos Portland;-;-;230;0;0;
SE Taíba;TAÍBA ÁGUIA - Central Geradora Eólica Taíba Águia SA;2014;230/34,5;0;0;
SE Replan;CTEEP - Companhia de Transmissão de Energia Elétrica Paulista;2016;440/138;0;0;
SE UTE Pernambuco III;UTE PERNAMBUCO III - TERMELÉTRICA PERNAMBUCO III S.A.;2013;230/13,8;0;0;
SE UTE Campina Grande;BORBOREMA ENERGETICA - Borborema Energética S.A.;-;230/13,8;0;0;
SE Nova Era Silicon;-;-;230;0;0;
SE UTE Euzébio da Rocha;PETROBRAS - Petroleo Brasileiro S.A;2009;230/13,8;0;0;
SE UTE Piratininga;BSE - Baixada Santista Energia S.A.;1954;230;0;0;
SE Nova Lima 6;CEMIG GT - CEMIG GERAÇÃO E TRANSMISSÃO S.A;2016;345/138;0;0;
SE Curitiba Norte;COPEL-GT - COPEL GERAÇÃO E TRANSMISSÃO S.A;2016;230/138;0;0;
SE Itarema V;ITAREMA V - EOLICA ITAREMA V S.A.;2016;230/34,5;0;0;
SE Gentio do Ouro I;ASSURUÁ II - PARQUE EOLICO ASSURUA II S.A.;2016;230/138/34,5;0;0;
SE Teles Pires;-;-;500;0;0;
SE UHE Salto;RIO VERDE - Rio Verde Energia S/A;2010;230/13,8;0;0;
SE UTE Caçu I;-;-;230;0;0;
SE UHE Barra dos Coqueiros;GERDAU SA - Gerdau Acos Longos SA;2010;230/13,8;0;0;
SE UHE Salto do Rio Verdinho;CBA - Companhia Brasileira de Aluminio;2010;230/13,8;0;0;
SE UHE Eng. José Luiz Müller de Godoy Pereira (Foz do Rio Claro);FOZ DO RIO CLARO - Foz do Rio Claro Energia S.A.;2010;230/13,8;0;0;
SE Pimental;NORTE ENERGIA SA - NORTE ENERGIA SA;2016;230/69;0;0;
SE Garabi I;ENEL CIEN - ENEL CIEN S.A;-;500;0;0;
SE Pontal;-;2016;230;0;0;
SE Paranatama;SERRA DAS VACAS I - EOLICA SERRA DAS VACAS I S.A.;2015;230/34,5;0;0;
SE São Clemente;VENTOS S CLEMENTE 1 - VENTOS DE SAO CLEMENTE I ENERGIAS RENOVAVEIS S.A;2016;230/34,5;0;0;
SE Candiota;ELETROBRAS - Centrais Elétricas Brasileiras S/A;2015;500/230;0;0;
SE São Basílio;EOL BRITE - Central Eólica Brite Ltda;2016;230/138;0;0;
SE Chapadinha I;V SANTA ALBERTINA - VENTOS DE SANTA ALBERTINA ENERGIAS RENOVÁVEIS S.A.;2017;230;0;0;
SE Santana II;BRE 3 - BRE 3 IMPLANTAÇÃO DE SISTEMAS DE TRANSMISSÃO ELÉTRICA SOCIEDADE;2021;230;0;0;
SE Caxias II;ARTEON Z2 - ARTEON Z2 ENERGIA S.A.;2021;230/69;0;0;
SE Lagoa do Carro;-;2020;230;0;0;
SE Santa Luzia II;SANTA LUZIA - NEOENERGIA SANTA LUZIA TRANSMISSÃO DE ENERGIA S/A;2021;500;0;0;
SE Porto de Sergipe;-;2020;500;0;0;
SE João Pessoa II;Borborema Transmissão de Energia S.A;2022;500/230/69;0;0;
SE Lagos;LAGOS SPE - TRANSMISSORA LAGOS SPE S.A.;2022;345;0;0;
SE União da Vitória Norte;GRALHA AZUL - GRALHA AZUL TRANSMISSÃO DE ENERGIA SA;2021;230;0;0;
SE Jaíba;SOLARIS - SOLARIS TRANSMISSÃO DE ENERGIA S.A.;2022;230;0;0;
SE Presidente Figueiredo;ENERGISA AMAZONAS TRANSMISSORA DE ENERGIA S.A.;2024;230;0;0;
SE Babilônia;-;2018;230;0;0;
SE Cutia;ENERGIA EOLICA CUTIA - USINA DE ENERGIA EOLICA CUTIA S/A;2018;230/34,5;0;0;
SE Santo Inácio;SANTO INÁCIO III - CENTRAL EÓLICA SANTO INÁCIO III S A;2017;230;0;0;
SE Pedra Cheirosa;PEDRA CHEIROSA I - PEDRA CHEIROSA I ENERGIA S.A.;-;230;0;0;
SE Coletora Lapa;-;-;230;0;0;
SE Ventos da Bahia II;VENTOS DA BAHIA I - Parque Eólico Ventos da Bahia I;2018;230;0;0;
SE Feira de Santana III;FS TRANSMISSORA - FS TRANSMISSORA DE ENERGIA ELÉTRICA S.A.;2022;230;0;0;
SE Delfina;EOL DELFINA A - ENEL GREEN POWER DELFINA A EÓLICA S.A.;2017;230;0;0;
SE Cristalândia;CRISTALANDIA I - ENEL GREEN POWER CRISTALANDIA I EOLICA S.A.;2017;230;0;0;
SE Nova Olinda;N OLINDA NORTE SOLAR - ENEL GREEN POWER NOVA OLINDA NORTE SOLAR S.A.;2017;500;0;0;
SE Lagoa do Barro 01;-;2018;230;0;0;
SE UTE Pampa Sul;-;-;525;0;0;
SE UHE São Roque;-;2022;230;0;0;
SE Paulino Neves;OMEGA EI 1 - OMEGA Energia e Implantação 1 SA;2017;500;0;0;
SE Comperj;FURNAS - FURNAS CENTRAIS ELÉTRICAS S.A.;2022;345;0;0;
SE Casa Nova II;CHESF - CHESF - Companhia Hidro Elétrica do São Francisco;2017;230/34,5;0;0;
SE Amazonas;-;-;230/34,5;0;0;
SE São Miguel;SM GERAÇÃO - SM GERACAO DE ENERGIA EOLICA LTDA;2019;230;0;0;
SE Serra Azul;DAMASCENA - Enel Green Power Damascena Eólica SA;2015;230/34,5;0;0;
SE UHE Cachoeira Caldeirão;-;-;230;0;0;
SE Pedra Branca;PEDRA BRANCA - PEDRA BRANCA SA;2013;230/34,5;0;0;
SE Morro do Chapéu Sul;MORRO DO CHAPÉU I - Enel Green Power Morro do Chapéu I Eólica SA;2018;230;0;0;
SE Campo Largo;CLWP EÓLICA I - CLWP EOLICA PARQUE I S.A;2018;230;0;0;
SE Poções III;EDTE - EDTE Empresa Diamantina de Transmissão de Energia S.A.;2019;500/230;0;0;
SE Serra Pelada;NOVO ESTADO - NOVO ESTADO TRANSMISSORA DE ENERGIA S.A;2021;500;0;0;
SE GPEXPAN;ACAUA ENERGIA - ACAUA ENERGIA S/A;2019;230;0;0;
SE Mata Norte;ITAMARACA - ITAMARACÁ TRANSMISSORA SPE S.A.;2022;230/69;0;0;
SE UTE Prosperidade I;IMETAME - IMETAME ENERGIA LTDA;2018;230;0;0;
SE Castro Norte;GRALHA AZUL - GRALHA AZUL TRANSMISSÃO DE ENERGIA S.A.;2022;230;0;0;
SE Medianeira Norte;-;2019;230;0;0;
SE Jaguaruana II;DUNAS TRANSMISSÃO DE ENERGIA S.A.;2024;500/230;0;0;
SE Pacatuba;DUNAS TRANSMISSÃO DE ENERGIA S.A.;2024;500;0;0;
SE Caraúbas II;DUNAS TRANSMISSÃO DE ENERGIA S.A.;2024;230;0;0;
SE Candiota 2;CHIMARRÃO - CHIMARRÃO TRANSMISSORA DE ENERGIA S.A.;2022;525/230;0;0;
SE Curitiba Centro;;2019;230;0;0;
SE Rio Claro 2;;2024;230;0;0;
SE Lorena;IE ITAPURA - INTERLIGAÇÃO ELÉTRICA ITAPURA S.A.;2021;500/230;0;0;
SE Leopoldina 2;;2024;345/138;0;0;
SE Dianópolis II;ENERG TOCANTINS - ENERGISA TOCANTINS TRANSMISSORA DE ENERGIA S.A.;2022;230/138;0;0;
SE Caxias Norte;;2024;500/230;0;0;
SE Campos 2;NEOENERGIA GUANABARA TRANSMISSÃO DE ENERGIA S.A.;2024;500;0;0;
SE Salobo;;-;230;0;0;
SE Serra Norte;ELETRONORTE - Centrais Elétricas do Norte do Brasil S/A;2012;230;0;0;
SE Serra do Mel;VENTOS DE V CEARÁ II - VENTOS DE VILA CEARÁ II SPE S.A;2020;500;0;0;
SE Araxá 3;;2024;345/138;0;0;
SE Uberlândia 10;;2024;345/138;0;0;
SE Monte Alegre de Minas 2;INTERLIGAÇÃO ELÉTRICA DE MINAS GERAIS S.A;2024;345/138;0;0;
SE Aventura II-V;Central Eólica Aventura II S.A.;2021;230;0;0;
SE Araças;EOL DOS ARAÇAS - Centrais Eólicas dos Araças SA;2014;230;0;0;
SE Morrão;EOL MORRÃO - Centrais Elétricas Morrão SA;2014;230;0;0;
SE Caetité 1, 2 e 3;CAETITÉ 2 - Caetité 2 Energia Renovável S.A.;2014;230;0;0;
SE Abil I;ABIL - CENTRAIS EOLICAS ABIL S.A.;2022;230;0;0;
SE Folha da Serra;FOLHA DA SERRA - CENTRAIS EOLICAS FOLHA DA SERRA S.A;2022;230;0;0;
SE Caetité A;CAETITE A - EOLICA CAETITE A S.A.;2015;230;0;0;
SE Quina;;-;500/230;0;0;
SE Tamboril II;ACÁCIA - CENTRAIS EOLICAS ACACIA S.A.;2022;230;0;0;
SE Abil II;UNHA DANTA - CENTRAIS EOLICAS UNHA DANTA S.A.;2022;230;0;0;
SE Tamboril I;TAMBORIL - Centrais Eólicas Tamboril S.A.;2022;230;0;0;
SE Klabin Celulose;KLABIN - Klabin SA;2015;230/34,5;0;0;
SE Lagoa dos Ventos;SANTA ANGELA 1 - ENEL GREEN POWER VENTOS DE SANTA ANGELA 1 S.A.;2020;500;0;0;
SE Jandaia;;2020;230;0;0;
SE São Gonçalo;EGP SAO GONCALO 1 - ENEL GREEN POWER SAO GONCALO 1 S.A.;2020;500;0;0;
SE Cacimbas;BONS VENTOS CACIMBAS - GERADORA EOLICA BONS VENTOS DA SERRA 2 S.A.;2018;230;0;0;
SE Horizonte MP;HORIZONTE MP - ENEL GREEN POWER HORIZONTE MP SOLAR S.A.;2018;230;0;0;
SE UFV São João do Piauí;CELEO SJ PIAUI FV I - CELEO SAO JOAO DO PIAUI FV I S.A.;2020;500;0;0;
SE Folha Larga;;2020;230;0;0;
SE Pitombeira;;-;230;0;0;
SE Juazeiro Solar;JUAZEIRO SOLAR I - Central Fotovoltaica Juazeiro Solar I SPE Ltda;2018;230/34,5;0;0;
SE Umburanas;UMBURANAS 1 - CENTRAIS EOLICAS UMBURANAS 1 S.A;2019;230/34,5;0;0;
SE Serra da Babilônia;;2018;230;0;0;
SE Rio Formoso II;RIO FORMOSO - NEOENERGIA RIO FORMOSO TRANSMISSAO E ENERGIA S.A.;2023;230/138;0;0;
SE Feijó;ACRE - TRANSMISSORA ACRE SPE S.A.;2023;230/69;0;0;
SE Cruzeiro do Sul;;2024;230/69;0;0;
SE Monte do Ronca;;2020;230;0;0;
SE Pirajá;;2025;230;0;0;
SE Gameleira;;2021;230;0;0;
SE Charqueadas 3;;2024;230;0;0;
SE Folha Larga Sul;;2020;230;0;0;
SE Cachoeirinha 3;;2023;230;0;0;
SE Rio do Vento;CVER - Casa dos Ventos Energias Renováveis SA;2023;500/34,5;0;0;
SE Arizona;;2020;500;0;0;
SE Serrote;;2021;230;0;0;
SE Lavras;Lavras 1 Energias Renováveis S.A.;2022;230;0;0;
SE Laranjeiras;;2019;230;0;0;
SE Currais Novos II;LAGOA NOVA - LAGOA NOVA TRANSMISSORA DE ENERGIA ELÉTRICA SA;2019;230/69;0;0;
SE Monte Verde;;2022;500;0;0;
SE Jerusalem;Esperanza Transmissora de Energia S.A.;2022;500;0;0;
SE Cumaru;;2021;230;0;0;
SE Marlim Azul;;2022;500;0;0;
SE Tucumã;;2024;230;0;0;
SE UTE Jaguatirica II;;2022;230;0;0;
SE Ventos da Bahia III;;2021;230;0;0;
SE Morro do Chapéu Sul II;;-;500;0;0;
SE Ribeiro Gonçalves III;;2024;230;0;0;
SE Rio Alto;COREMAS I - COREMAS I GERAÇÃO DE ENERGIA SPE SA;2018;230/34,5;0;0;
SE CQR;;-;230;0;0;
SE UTE Camaçari;;-;230;0;0;
SE Caraíba Metais;;-;230;0;0;
SE Ferbasa;;-;230;0;0;
SE Mineração Mirabela;;-;230;0;0;
SE Dow;;-;230;0;0;
SE Afonso Bezerra;AFONSO BEZERRA I - AFONSO BEZERRA I GERACAO DE ENERGIA SPE S.A;2022;230;0;0;
SE Atlântica;;-;230;0;0;
SE Oitis;NEO - NEOENERGIA OPERAÇÃO E MANUTENÇÃO S.A.;2022;500;0;0;
SE Calcário;;-;230;0;0;
SE Abaiara;;2023;230;0;0;
SE Serra do Mel 2;POTIGUAR B31 - EOL POTIGUAR B31 SPE S.A.;2021;500;0;0;
SE Serrote;;2021;230;0;0;
SE Tanque Novo;;2023;230;0;0;
SE Tucano;TUCANO F2 - TUCANO F2 GERACAO DE ENERGIAS SPE S.A.;2022;500;0;0;
SE Sol do Sertão;;2021;500;0;0;
SE Lagoa dos Ventos III;;2022;500;0;0;
SE Ciranda;CIRANDA 4 - CIRANDA 4 ENERGIAS RENOVÁVEIS S.A.;2023;230;0;0;
SE Sol do Cerrado;VALE S.A.;2023;230;0;0;
SE Várzea da Palma 4;;2023;345;0;0;
SE Acauã;ALIANÇA - ALIANÇA GERAÇÃO DE ENERGIA S.A.;2023;230;0;0;
SE Belmonte II;BELMONTE II PARQUE SOLAR S.A.;2023;230;0;0;
SE Rosana;;-;230/138;0;0;
SE Babilônia Sul;;2022;230;0;0;
SE Rio do Vento Expansão;CVER - Casa dos Ventos Energias Renováveis SA;2023;500;0;0;
SE Jandaíra II;ARGO VI - ARGO VI TRANSMISSAO DE ENERGIA S.A;2023;500/230;0;0;
SE São Vitor;SÃO VITOR 01 - VENTOS DE SÃO VITOR 01 ENERGIAS RENOVÁVEIS S.A.;2023;230;0;0;
SE Ventos de Santa Eugênia;STATKRAFT ENERGIAS RENOVAVEIS S/A;2022;500;0;0;
SE Canudos I;;2023;500;0;0;
SE Jeremoabo;-;2023;500;0;0;
SE UFV Futura;;2023;500;0;0;
SE Serra do Seridó;Parque Eolico Serra do Serido II S.A.;2022;500;0;0;
SE Caju;Ventos de Santa Tereza 04 Energias Renováveis S.A.;2023;500;0;0;
SE Ventos do Piauí II;SANTO ALDERICO - VENTOS DE SANTO ALDERICO ENERGIAS RENOVÁVEIS S.A.;2022;230;0;0;
SE Ventos do Piauí III;SÃO BERNARDO - VENTOS DE SÃO BERNARDO ENERGIAS RENOVÁVEIS S.A.;2022;230;0;0;
E-4;;-;230;0;0;
E-6;;-;230;0;0;
E-3;;-;230;0;0;
E-2;;-;230;0;0;
E-1;;-;230;0;0;
N-3;;-;230;0;0;
N-2;;-;230;0;0;
N-1;;-;230;0;0;
SE Bracell;;2021;440;0;0;
SE UFV Jaíba;;-;230;0;0;
SE Macapá III;;2025;230/69;0;0;
SE Mendubim;;2024;230;0;0;
SE Aroeira;ENEL GREEN POWER BRASIL PARTICIPAÇÕES LTDA;2023;500;0;0;
SE UFV Panati;;2023;230;0;0;
SE Santo Agostinho;ENGIE - ENGIE BRASIL ENERGIA S.A.;2023;500/34,5;0;0;
SE Alex;;2021;230;0;0;
SE Sorriso II;;2022;230;0;0;
SE Anemus;COTESA - COTESA;2023;230;0;0;
SE Medeiros Neto II;;2024;500/230;0;0;
SE Caetité Norte;EÓLICA BREJINHOS ALFA S.A;2024;230;0;0;
SE Eólico Oeste Seridó;;2023;500;0;0;
SE Novo Horizonte;;2024;500;0;0;
SE UTE GNA I;;2021;345;0;0;
SE FIAT;;2022;230;0;0;
SE Araripe IV;VENTOS DE SÃO ZACARIAS 01 ENERGIAS RENOVAVEIS S.A.;2024;500;0;0;
SE Coletora Solar Arinos;VOLTALIA ENERGIA DO BRASIL LTDA.;2024;500/34,5;0;0;
SE Cruz Alta 2;MEZ 4 ENERGIA - MEZ 4 ENERGIA S.A.;2022;230/69;0;0;
SE Serra da Mesa;FURNAS - Furnas Centrais Elétricas S.A.;1998;500/230/138;0;0;
SE Paraíso 2;NEOENERGIA TRANSMISSORA 11 SPE S.A.;2024;230/138;0;0;
SE Serra do Assuruá;EÓLICA SERRA DO ASSURUÁ 1 LTDA;2024;230;0;0;
SE EOLs Kairós Wind;;;230;0;0;
SE Mundo Novo;;2024;230;0;0;
SE Lar do Sol;;2023;345;0;0;
SE UTE Amandina;;-;230;0;0;
SE UHE Campos Novos;;2006;230;0;0;
SE Riachão II;;2023;230;0;0;
SE Rio Alto II;RIO ALTO UFV STL I SPE S/A;2024;500;0;0;
SE Marangatu;MARANGATU 1 ENERGIAS RENOVAVEIS S.A.;2024;230;0;0;
SE Simplice;;2024;230;0;0;
SE Asolo 2;;2025;230;0;0;
SE Itajaí 2;-;2025;525/230/138;0;0;
