NOME;LEILAO;ANO_PREV;CEG;POTENCIA;CREATED_US;CREATED_DA;LAST_EDITE;LAST_EDI_1;CPU
Aratinga 1;ANEEL;2025;UFV.RS.CE.043270-9.1;30000;BERNARDO.OLIVEIRA;20241213;BERNARDO.OLIVEIRA;20241213
Aratinga 2;ANEEL;2025;UFV.RS.CE.043271-7.1;30000;BERNARDO.OLIVEIRA;20241213;BERNARDO.OLIVEIRA;20241213
Aratinga 3;ANEEL;2025;UFV.RS.CE.043272-5.1;30000;BERNARDO.OLIVEIRA;20241213;BERNARDO.OLIVEIRA;20241213
Aratinga 4;ANEEL;2025;UFV.RS.CE.043273-3.1;30000;BERNARDO.OLIVEIRA;20241213;BERNARDO.OLIVEIRA;20241213
Aratinga 5;ANEEL;2025;UFV.RS.CE.043274-1.1;30000;BERNARDO.OLIVEIRA;20241213;BERNARDO.OLIVEIRA;20241213
Arinos 2;ANEEL;2025;UFV.RS.MG.047298-0.1;48118;BERNARDO.OLIVEIRA;20241213;BERNARDO.OLIVEIRA;20241213
Arinos 4;ANEEL;2025;UFV.RS.MG.047300-6.1;48118;BERNARDO.OLIVEIRA;20241213;BERNARDO.OLIVEIRA;20241213
Assu Sol V;ANEEL;2025;UFV.RS.RN.046927-0.01;40536;BERNARDO.OLIVEIRA;20241213;BERNARDO.OLIVEIRA;20241213
Boa Hora 4;33º LEN;2025;UFV.RS.PE.037814-3.01;23100;BERNARDO.OLIVEIRA;20241213;BERNARDO.OLIVEIRA;20241213
Boa Hora 5;33º LEN;2025;UFV.RS.PE.037815-1.01;23100;BERNARDO.OLIVEIRA;20241213;BERNARDO.OLIVEIRA;20241213
Boa Hora 6;33º LEN;2025;UFV.RS.PE.037816-0.01;23100;BERNARDO.OLIVEIRA;20241213;BERNARDO.OLIVEIRA;20241213
Bom Jardim I;35º LEN;2026;UFV.RS.CE.051608-2.01;48118;BERNARDO.OLIVEIRA;20241213;BERNARDO.OLIVEIRA;20241213
Bom Jardim III;35º LEN;2026;UFV.RS.CE.051610-4.01;48118;BERNARDO.OLIVEIRA;20241213;BERNARDO.OLIVEIRA;20241213
Jaíba N;ANEEL;2025;UFV.RS.MG.043149-4.1;20010;BERNARDO.OLIVEIRA;20241213;BERNARDO.OLIVEIRA;20241213
Jaíba NE1;ANEEL;2025;UFV.RS.MG.043161-3.1;40010;BERNARDO.OLIVEIRA;20241213;BERNARDO.OLIVEIRA;20241213
Jaíba NO1;ANEEL;2025;UFV.RS.MG.043160-5.1;40010;BERNARDO.OLIVEIRA;20241213;BERNARDO.OLIVEIRA;20241213
Jaíba O;ANEEL;2025;UFV.RS.MG.043159-1.1;20010;BERNARDO.OLIVEIRA;20241213;BERNARDO.OLIVEIRA;20241213
Lagoa 1;ANEEL;2025;UFV.RS.PB.034432-0.1;32890;BERNARDO.OLIVEIRA;20241213;BERNARDO.OLIVEIRA;20241213
Lagoa 2;ANEEL;2025;UFV.RS.PB.034433-8.1;32890;BERNARDO.OLIVEIRA;20241213;BERNARDO.OLIVEIRA;20241213
Lins 01;35º LEN;2026;UFV.RS.CE.049926-9.02;90000;BERNARDO.OLIVEIRA;20241213;BERNARDO.OLIVEIRA;20241213
Lins 02;35º LEN;2025;UFV.RS.CE.049927-7.02;92000;BERNARDO.OLIVEIRA;20241213;BERNARDO.OLIVEIRA;20241213
Lins 03;35º LEN;2026;UFV.RS.PI.049928-5.02;100000;BERNARDO.OLIVEIRA;20241213;BERNARDO.OLIVEIRA;20241213
Lins 04;35º LEN;2026;UFV.RS.PI.049929-3.02;100000;BERNARDO.OLIVEIRA;20241213;BERNARDO.OLIVEIRA;20241213
Lins 05;35º LEN;2026;UFV.RS.PI.049930-7.02;100000;BERNARDO.OLIVEIRA;20241213;BERNARDO.OLIVEIRA;20241213
Lins 06;35º LEN;2026;UFV.RS.PI.049931-5.02;100000;BERNARDO.OLIVEIRA;20241213;BERNARDO.OLIVEIRA;20241213
Lins 07;35º LEN;2026;UFV.RS.PI.049932-3.02;100000;BERNARDO.OLIVEIRA;20241213;BERNARDO.OLIVEIRA;20241213
Lins 08;35º LEN;2026;UFV.RS.PI.049933-1.02;100000;BERNARDO.OLIVEIRA;20241213;BERNARDO.OLIVEIRA;20241213
Luiz Gonzaga I;36º LEN;2026;UFV.RS.PE.045056-1.01;30000;BERNARDO.OLIVEIRA;20241213;BERNARDO.OLIVEIRA;20241213
Luiz Gonzaga II;30º LEN;2025;UFV.RS.PE.045057-0.01;30000;BERNARDO.OLIVEIRA;20241213;BERNARDO.OLIVEIRA;20241213
Luiz Gonzaga III;36º LEN;2026;UFV.RS.PE.045058-8.01;30000;BERNARDO.OLIVEIRA;20241213;BERNARDO.OLIVEIRA;20241213
Mauriti 1;ANEEL;2025;UFV.RS.CE.038364-3.01;49110;BERNARDO.OLIVEIRA;20241213;BERNARDO.OLIVEIRA;20241213
Mauriti 2;ANEEL;2025;UFV.RS.CE.038365-1.01;24555;BERNARDO.OLIVEIRA;20241213;BERNARDO.OLIVEIRA;20241213
Mauriti 3;ANEEL;2025;UFV.RS.CE.038366-0.01;49110;BERNARDO.OLIVEIRA;20241213;BERNARDO.OLIVEIRA;20241213
Mauriti 4;ANEEL;2025;UFV.RS.CE.038367-8.01;49110;BERNARDO.OLIVEIRA;20241213;BERNARDO.OLIVEIRA;20241213
Mauriti 5;ANEEL;2025;UFV.RS.CE.038368-6.01;49110;BERNARDO.OLIVEIRA;20241213;BERNARDO.OLIVEIRA;20241213
Mauriti 6;ANEEL;2025;UFV.RS.CE.038369-4.01;49110;BERNARDO.OLIVEIRA;20241213;BERNARDO.OLIVEIRA;20241213
Mauriti 7;ANEEL;2025;UFV.RS.CE.038370-8.01;14733;BERNARDO.OLIVEIRA;20241213;BERNARDO.OLIVEIRA;20241213
Mauriti 8;ANEEL;2025;UFV.RS.CE.038371-6.01;49110;BERNARDO.OLIVEIRA;20241213;BERNARDO.OLIVEIRA;20241213
Morada do Sol I;ANEEL;2025;UFV.RS.GO.046567-4.1;50000;BERNARDO.OLIVEIRA;20241213;BERNARDO.OLIVEIRA;20241213
Morada do Sol II;ANEEL;2025;UFV.RS.GO.046568-2.1;50000;BERNARDO.OLIVEIRA;20241213;BERNARDO.OLIVEIRA;20241213
Morada do Sol III;ANEEL;2025;UFV.RS.GO.046569-0.1;50000;BERNARDO.OLIVEIRA;20241213;BERNARDO.OLIVEIRA;20241213
Morada do Sol IV;ANEEL;2025;UFV.RS.GO.046570-4.1;50000;BERNARDO.OLIVEIRA;20241213;BERNARDO.OLIVEIRA;20241213
Morada do Sol V;ANEEL;2025;UFV.RS.GO.046571-2.1;50000;BERNARDO.OLIVEIRA;20241213;BERNARDO.OLIVEIRA;20241213
Morada do Sol VI;ANEEL;2025;UFV.RS.GO.046572-0.1;50000;BERNARDO.OLIVEIRA;20241213;BERNARDO.OLIVEIRA;20241213
Novo Oriente VI;ANEEL;2025;UFV.RS.SP.049340-6.1;46052.71;BERNARDO.OLIVEIRA;20241213;BERNARDO.OLIVEIRA;20241213
Panorama 01;35º LEN;2025;UFV.RS.PI.049401-1.02;100000;BERNARDO.OLIVEIRA;20241213;BERNARDO.OLIVEIRA;20241213
Panorama 02;35º LEN;2025;UFV.RS.PI.049402-0.02;100000;BERNARDO.OLIVEIRA;20241213;BERNARDO.OLIVEIRA;20241213
Panorama 03;35º LEN;2025;UFV.RS.PI.049403-8.02;100000;BERNARDO.OLIVEIRA;20241213;BERNARDO.OLIVEIRA;20241213
Panorama 04 (Fótons de São George 01);35º LEN;2026;UFV.RS.CE.049404-6.02;78200;BERNARDO.OLIVEIRA;20241213;BERNARDO.OLIVEIRA;20241213
Panorama 05 (Fótons de São George 02);35º LEN;2026;UFV.RS.CE.049405-4.01;78200;BERNARDO.OLIVEIRA;20241213;BERNARDO.OLIVEIRA;20241213
Panorama 06 (Fótons de São George 03);35º LEN;2026;UFV.RS.CE.049406-2.02;78200;BERNARDO.OLIVEIRA;20241213;BERNARDO.OLIVEIRA;20241213
Panorama 07 (Fótons de São George 04);35º LEN;2026;UFV.RS.CE.049407-0.02;78200;BERNARDO.OLIVEIRA;20241213;BERNARDO.OLIVEIRA;20241213
Panorama 08 (Fótons de São George 05);35º LEN;2026;UFV.RS.CE.049408-9.02;78200;BERNARDO.OLIVEIRA;20241213;BERNARDO.OLIVEIRA;20241213
Pedro Leopoldo 1;ANEEL;2025;UFV.RS.MG.052082-9.01;45000;BERNARDO.OLIVEIRA;20241213;BERNARDO.OLIVEIRA;20241213
Profª. Heley de Abreu Silva Batista 1 (Antiga Janauba 138-1);37º LEN;2027;UFV.RS.MG.045712-4.01;50000;BERNARDO.OLIVEIRA;20241213;BERNARDO.OLIVEIRA;20241213
Profª. Heley de Abreu Silva Batista 2 (Antiga Janauba 138-2);37º LEN;2027;UFV.RS.MG.045713-2.01;50000;BERNARDO.OLIVEIRA;20241213;BERNARDO.OLIVEIRA;20241213
Raios de São Francisco V;35º LEN;2026;UFV.RS.PI.051649-0.01;30000;BERNARDO.OLIVEIRA;20241213;BERNARDO.OLIVEIRA;20241213
Raios de São Francisco VI;35º LEN;2026;UFV.RS.PI.051650-3.01;30000;BERNARDO.OLIVEIRA;20241213;BERNARDO.OLIVEIRA;20241213
Santa Luzia 15;ANEEL;2026;UFV.RS.PB.049699-5.1;50000;BERNARDO.OLIVEIRA;20241213;BERNARDO.OLIVEIRA;20241213
Santa Luzia 16;ANEEL;2026;UFV.RS.PB.050865-9.1;50000;BERNARDO.OLIVEIRA;20241213;BERNARDO.OLIVEIRA;20241213
Santa Luzia 17;ANEEL;2026;UFV.RS.PB.050866-7.1;50000;BERNARDO.OLIVEIRA;20241213;BERNARDO.OLIVEIRA;20241213
Santa Luzia 18;ANEEL;2026;UFV.RS.PB.050867-5.1;50000;BERNARDO.OLIVEIRA;20241213;BERNARDO.OLIVEIRA;20241213
Santa Luzia 19;ANEEL;2026;UFV.RS.PB.050868-3.1;50000;BERNARDO.OLIVEIRA;20241213;BERNARDO.OLIVEIRA;20241213
Santa Luzia 20;ANEEL;2026;UFV.RS.PB.050869-1.1;50000;BERNARDO.OLIVEIRA;20241213;BERNARDO.OLIVEIRA;20241213
Santa Luzia 6;ANEEL;2025;UFV.RS.PB.049690-1.1;50000;BERNARDO.OLIVEIRA;20241213;BERNARDO.OLIVEIRA;20241213
Santa Luzia 8;ANEEL;2025;UFV.RS.PB.049692-8.1;50000;BERNARDO.OLIVEIRA;20241213;BERNARDO.OLIVEIRA;20241213
Santa Luzia XXVI;37º LEN;2027;UFV.RS.PB.055553-3.01;50000;BERNARDO.OLIVEIRA;20241213;BERNARDO.OLIVEIRA;20241213
Santa Luzia XXVII;37º LEN;2027;UFV.RS.PB.055554-1.01;50000;BERNARDO.OLIVEIRA;20241213;BERNARDO.OLIVEIRA;20241213
São Francisco I;ANEEL;2025;UFV.RS.MG.054447-7.01;49993;BERNARDO.OLIVEIRA;20241213;BERNARDO.OLIVEIRA;20241213
São Francisco II;ANEEL;2025;UFV.RS.MG.054448-5.01;49993;BERNARDO.OLIVEIRA;20241213;BERNARDO.OLIVEIRA;20241213
São Francisco III;ANEEL;2025;UFV.RS.MG.054449-3.01;49993;BERNARDO.OLIVEIRA;20241213;BERNARDO.OLIVEIRA;20241213
Serrita I (Antigo Enercom Serrita I);ANEEL;2025;UFV.RS.PE.046963-7.1;30000;BERNARDO.OLIVEIRA;20241213;BERNARDO.OLIVEIRA;20241213
Serrita II (Antiga Enercom Serrita II);ANEEL;2025;UFV.RS.PE.046964-5.1;30000;BERNARDO.OLIVEIRA;20241213;BERNARDO.OLIVEIRA;20241213
Solar Irecê;ANEEL;2025;UFV.RS.BA.037517-9.1;73600;BERNARDO.OLIVEIRA;20241213;BERNARDO.OLIVEIRA;20241213
Solar Irecê 3;ANEEL;2025;UFV.RS.BA.037518-7.1;59800;BERNARDO.OLIVEIRA;20241213;BERNARDO.OLIVEIRA;20241213
Vista Alegre I;ANEEL;2025;UFV.RS.MG.046553-4.01;41173;BERNARDO.OLIVEIRA;20241213;BERNARDO.OLIVEIRA;20241213
Vista Alegre II;ANEEL;2025;UFV.RS.MG.046554-2.01;41173;BERNARDO.OLIVEIRA;20241213;BERNARDO.OLIVEIRA;20241213
Vista Alegre III;ANEEL;2025;UFV.RS.MG.046555-0.01;41173;BERNARDO.OLIVEIRA;20241213;BERNARDO.OLIVEIRA;20241213
Vista Alegre IV;ANEEL;2025;UFV.RS.MG.046556-9.01;41173;BERNARDO.OLIVEIRA;20241213;BERNARDO.OLIVEIRA;20241213
Vista Alegre IX;ANEEL;2025;UFV.RS.MG.046561-5.01;41173;BERNARDO.OLIVEIRA;20241213;BERNARDO.OLIVEIRA;20241213
Vista Alegre V;ANEEL;2025;UFV.RS.MG.046557-7.01;41173;BERNARDO.OLIVEIRA;20241213;BERNARDO.OLIVEIRA;20241213
Vista Alegre VI;ANEEL;2025;UFV.RS.MG.046558-5.01;41173;BERNARDO.OLIVEIRA;20241213;BERNARDO.OLIVEIRA;20241213
Vista Alegre VII;ANEEL;2025;UFV.RS.MG.046559-3.01;41173;BERNARDO.OLIVEIRA;20241213;BERNARDO.OLIVEIRA;20241213
Vista Alegre VIII;ANEEL;2025;UFV.RS.MG.046560-7.01;41173;BERNARDO.OLIVEIRA;20241213;BERNARDO.OLIVEIRA;20241213
Vista Alegre X;ANEEL;2025;UFV.RS.MG.046562-3.01;41173;BERNARDO.OLIVEIRA;20241213;BERNARDO.OLIVEIRA;20241213
Vista Alegre XI;ANEEL;2025;UFV.RS.MG.049655-3.01;41173;BERNARDO.OLIVEIRA;20241213;BERNARDO.OLIVEIRA;20241213
Vista Alegre XII;ANEEL;2025;UFV.RS.MG.049656-1.01;41173;BERNARDO.OLIVEIRA;20241213;BERNARDO.OLIVEIRA;20241213
Vista Alegre XIII;ANEEL;2025;UFV.RS.MG.049657-0.01;41173;BERNARDO.OLIVEIRA;20241213;BERNARDO.OLIVEIRA;20241213
Vista Alegre XIV;ANEEL;2025;UFV.RS.MG.049658-8.01;41173;BERNARDO.OLIVEIRA;20241213;BERNARDO.OLIVEIRA;20241213
Vista Alegre XV;ANEEL;2025;UFV.RS.MG.049659-6.01;41173;BERNARDO.OLIVEIRA;20241213;BERNARDO.OLIVEIRA;20241213
