NOME;PROPRIET;POTENCIA;INI_OPER;CEG;CREATED_US;CREATED_DA;LAST_EDITE;LAST_EDI_1;CPU
Intelbras;100% para INTELBRAS S.A. INDÚSTRIA DE TELECOMUNICAÇÃO ELETRÔNICA BRASILEIRA (REG);1245;20200601;UFV.RS.SC.049225-6.01;BERNARDO.OLIVEIRA;20241213;BERNARDO.OLIVEIRA;20241213
Hélio Valgas 5;100% para GERADORA SOLAR HELIO VALGAS III S.A. (PIE);50000;20230805;UFV.RS.MG.042995-3.01;BERNARDO.OLIVEIRA;20241213;BERNARDO.OLIVEIRA;20241213
Ituverava 5;100% para Enel Green Power Ituverava Sul Solar S.A (PIE);28000;20171223;UFV.RS.BA.032320-9.01;BERNARDO.OLIVEIRA;20241213;BERNARDO.OLIVEIRA;20241213
Marangatu 1;100% para MARANGATU 1 ENERGIAS RENOVAVEIS S.A. (PIE);30000;20240419;UFV.RS.PI.037786-4.01;BERNARDO.OLIVEIRA;20241213;BERNARDO.OLIVEIRA;20241213
Panati 3;100% para Panatí 3 Energias Renováveis S.A. (PIE);30000;20240125;UFV.RS.CE.038392-9.01;BERNARDO.OLIVEIRA;20241213;BERNARDO.OLIVEIRA;20241213
Serra do Mel V (Antiga Serra do Mel VII);100% para SOL SERRA DO MEL V SPE S.A (PIE);48118;20231010;UFV.RS.RN.047422-3.01;BERNARDO.OLIVEIRA;20241213;BERNARDO.OLIVEIRA;20241213
Maqstone;100% para Maq-Stone - Pedras e Máquinas LTDA. (REG);440;20211216;UFV.RS.ES.062877-8.01;BERNARDO.OLIVEIRA;20241213;BERNARDO.OLIVEIRA;20241213
Ribeiro Gonçalves VII;100% para RIBEIRO GONCALVES SOLAR VII S.A. (PIE);33545;20240523;UFV.RS.PI.044295-0.01;BERNARDO.OLIVEIRA;20241213;BERNARDO.OLIVEIRA;20241213
Água Vermelha V;100% para AGV SOLAR V GERADORA DE ENERGIA S.A. (PIE);27360;20191129;UFV.RS.SP.034207-6.01;BERNARDO.OLIVEIRA;20241213;BERNARDO.OLIVEIRA;20241213
Coremas VI;100% para Coremas VI Geração de Energia SPE LTDA. (PIE);27000;20220909;UFV.RS.PB.032865-0.01;BERNARDO.OLIVEIRA;20241213;BERNARDO.OLIVEIRA;20241213
Fermap Armazéns Gerais;100% para Fermap Armazéns Gerais LTDA. (REG);550;20221005;UFV.RS.MT.071785-1.01;BERNARDO.OLIVEIRA;20241213;BERNARDO.OLIVEIRA;20241213
Sol do Sertão XXXVI;100% para SOL DO SERTÃO OB I ENERGIA SOLAR LTDA (PIE);40819;20210821;UFV.RS.BA.032067-6.01;BERNARDO.OLIVEIRA;20241213;BERNARDO.OLIVEIRA;20241213
Pirapora 7;100% para PIRAPORA VII ENERGIAS RENOVÁVEIS S.A. (PIE);31000;20170926;UFV.RS.MG.033190-2.01;BERNARDO.OLIVEIRA;20241213;BERNARDO.OLIVEIRA;20241213
São Pedro e Paulo VI;100% para SAO PEDRO E PAULO VI ENERGIA SPE S/A (PIE);23123;20240518;UFV.RS.PE.034188-6.01;BERNARDO.OLIVEIRA;20241213;BERNARDO.OLIVEIRA;20241213
AC X;100% para VALE S.A. (PIE);39496;20230318;UFV.RS.MG.037551-9.01;BERNARDO.OLIVEIRA;20241213;BERNARDO.OLIVEIRA;20241213
Apodi II;100% para APODI II ENERGIA SPE S/A (PIE);33000;20181128;UFV.RS.CE.033918-0.01;BERNARDO.OLIVEIRA;20241213;BERNARDO.OLIVEIRA;20241213
Boa Hora 2;100% para Boa Hora 2 Geradora de Energia Solar S.A (PIE);23040;20190814;UFV.RS.SP.034162-2.02;BERNARDO.OLIVEIRA;20241213;BERNARDO.OLIVEIRA;20241213
Jaíba SO;100% para Jaíba SO Energias Renováveis S.A. (PIE);40000;20240403;UFV.RS.MG.043156-7.01;BERNARDO.OLIVEIRA;20241213;BERNARDO.OLIVEIRA;20241213
Futura 7;100% para SPE FUTURA 2 GERACAO E COMERCIALIZACAO DE ENERGIA SOLAR S.A. (PIE);31474.8;20230524;UFV.RS.BA.037485-7.01;BERNARDO.OLIVEIRA;20241213;BERNARDO.OLIVEIRA;20241213
Nova Olinda 11;100% para Nova  Olinda B Solar S.A. (PIE);30000;20171209;UFV.RS.PI.033130-9.01;BERNARDO.OLIVEIRA;20241213;BERNARDO.OLIVEIRA;20241213
Pedranópolis 2;100% para USINA DE ENERGIA FOTOVOLTAICA PEDRANÓPOLIS S.A. (PIE);30000;20221117;UFV.RS.SP.034359-5.01;BERNARDO.OLIVEIRA;20241213;BERNARDO.OLIVEIRA;20241213
ETESA 22 São João do Piauí VI;100% para CELEO SÃO JOÃO DO PIAUÍ FV VI S.A. (PIE);31878;20200415;UFV.RS.PI.034790-6.01;BERNARDO.OLIVEIRA;20241213;BERNARDO.OLIVEIRA;20241213
Futura 21;100% para SPE FUTURA 6 GERACAO E COMERCIALIZACAO DE ENERGIA SOLAR S.A. (PIE);31474.8;20230526;UFV.RS.BA.037499-7.01;BERNARDO.OLIVEIRA;20241213;BERNARDO.OLIVEIRA;20241213
São Pedro e Paulo VIII;100% para FLORES ENERGIA SPE S.A (PIE);5800;20240518;UFV.RS.PE.046834-7.01;BERNARDO.OLIVEIRA;20241213;BERNARDO.OLIVEIRA;20241213
Juazeiro VII;100% para Central Fotovoltaica Juazeiro Solar VII SPE Ltda. (PIE);47292;20211112;UFV.RS.BA.043286-5.01;BERNARDO.OLIVEIRA;20241213;BERNARDO.OLIVEIRA;20241213
Mendubim XI;100% para SOL DE PIPA ENERGIA LTDA (PIE);46000;20240208;UFV.RS.RN.037772-4.01;BERNARDO.OLIVEIRA;20241213;BERNARDO.OLIVEIRA;20241213
Janaúba 6;100% para Janaúba VI Geração Solar Energia S.A. (PIE);50000;20220928;UFV.RS.MG.040862-0.01;BERNARDO.OLIVEIRA;20241213;BERNARDO.OLIVEIRA;20241213
arinos 9;100% para Usina Fotovoltaica Arinos C 9 Ltda. (PIE);48118;20240905;UFV.RS.MG.047305-7.01;BERNARDO.OLIVEIRA;20241213;BERNARDO.OLIVEIRA;20241213
Claudina;100% para CENTRAL GERADORA FOTOVOLTAICA CLAUDINA DALPONTE RECALCATI LTDA (REG);750;20221130;UFV.RS.RS.071325-2.01;BERNARDO.OLIVEIRA;20241213;BERNARDO.OLIVEIRA;20241213
Janaúba 20;100% para JANAÚBA XX GERAÇÃO SOLAR ENERGIA S.A (PIE);50000;20230418;UFV.RS.MG.040876-0.01;BERNARDO.OLIVEIRA;20241213;BERNARDO.OLIVEIRA;20241213
Guaimbé 2;100% para GUAIMBÉ II PARQUE SOLAR S.A. (PIE);30000;20180206;UFV.RS.SP.032327-6.01;BERNARDO.OLIVEIRA;20241213;BERNARDO.OLIVEIRA;20241213
Serra do Mel II;100% para Sol Serra do Mel II SPE S.A. (PIE);103110;20220610;UFV.RS.RN.037812-7.01;BERNARDO.OLIVEIRA;20241213;BERNARDO.OLIVEIRA;20241213
Sertão Solar Barreiras XX;100% para SERTAO SOLAR BARREIRAS XX S.A. (PIE);50000;20240710;UFV.RS.BA.044515-0.01;BERNARDO.OLIVEIRA;20241213;BERNARDO.OLIVEIRA;20241213
Caldeirão Grande II;100% para CENTRAL GERADORA SOLAR CRUZEIRO S/A (PIE);30933;20230103;UFV.RS.PI.031690-3.02;BERNARDO.OLIVEIRA;20241213;BERNARDO.OLIVEIRA;20241213
Nova Aurora;100% para ENGIE Brasil Energia S.A. (REG);3068;20130328;UFV.RS.SC.031430-7.01;BERNARDO.OLIVEIRA;20241213;BERNARDO.OLIVEIRA;20241213
Ribeiro Gonçalves I;100% para RIBEIRO GONCALVES SOLAR I S.A. (PIE);16929;20240523;UFV.RS.PI.041904-4.01;BERNARDO.OLIVEIRA;20241213;BERNARDO.OLIVEIRA;20241213
Angico I;100% para ANGICO ENERGIAS RENOVÁVEIS S.A. (PIE);27200;20180929;UFV.RS.PB.034085-5.01;BERNARDO.OLIVEIRA;20241213;BERNARDO.OLIVEIRA;20241213
Jaíba NE2;100% para Jaíba NE2 Energias Renováveis S.A. (PIE);40000;20240828;UFV.RS.MG.043154-0.01;BERNARDO.OLIVEIRA;20241213;BERNARDO.OLIVEIRA;20241213
Bom Nome 1-5;100% para Bon Nome Serviços Administrativos III Ltda. (PIE);50000;20220203;UFV.RS.PE.042927-9.01;BERNARDO.OLIVEIRA;20241213;BERNARDO.OLIVEIRA;20241213
Central Mineirão;100% para CEMIG Geração e Transmissão S.A. (REG);1420;20140425;UFV.RS.MG.031760-8.01;BERNARDO.OLIVEIRA;20241213;BERNARDO.OLIVEIRA;20241213
arinos 24;100% para Usina Fotovoltaica Arinos E 24 Ltda. (PIE);41065;20240920;UFV.RS.MG.050843-8.01;BERNARDO.OLIVEIRA;20241213;BERNARDO.OLIVEIRA;20241213
Sol do Futuro II (Antiga Steelcons Sol do Futuro III);100% para CENTRAL FOTOVOLTAICA SOL DO FUTURO II S.A (PIE);27000;20190302;UFV.RS.CE.034746-9.02;BERNARDO.OLIVEIRA;20241213;BERNARDO.OLIVEIRA;20241213
Milagres IV;100% para LIGHTSOURCE MILAGRES IV GERAÇÃO DE ENERGIA LTDA (PIE);32740;20231220;UFV.RS.CE.044579-7.01;BERNARDO.OLIVEIRA;20241213;BERNARDO.OLIVEIRA;20241213
Pirapora 2;100% para PIRAPORA II ENERGIAS RENOVÁVEIS S.A. (PIE);31000;20160518;UFV.RS.MG.033185-6.01;BERNARDO.OLIVEIRA;20241213;BERNARDO.OLIVEIRA;20241213
Futura 19;100% para SPE FUTURA 5 GERACAO E COMERCIALIZACAO DE ENERGIA SOLAR S.A. (PIE);31474.8;20230524;UFV.RS.BA.037497-0.01;BERNARDO.OLIVEIRA;20241213;BERNARDO.OLIVEIRA;20241213
AC IV;100% para VALE S.A. (PIE);39496;20230103;UFV.RS.MG.037404-0.01;BERNARDO.OLIVEIRA;20241213;BERNARDO.OLIVEIRA;20241213
Mendubim IX;100% para SOL DE GENIPABU ENERGIA LTDA (PIE);40250;20240208;UFV.RS.RN.037770-8.01;BERNARDO.OLIVEIRA;20241213;BERNARDO.OLIVEIRA;20241213
Novo Oriente IV;100% para CENTRAL SOLAR NOVO ORIENTE IV S.A. (PIE);40600;;UFV.RS.SP.049338-4.1;BERNARDO.OLIVEIRA;20241213;BERNARDO.OLIVEIRA;20241213
Janaúba 4;100% para Janaúba IV Geração Solar Energia S.A. (PIE);50000;20220730;UFV.RS.MG.040860-3.01;BERNARDO.OLIVEIRA;20241213;BERNARDO.OLIVEIRA;20241213
Assú V;100% para CENTRAL FOTOVOLTAICA ASSU V S.A. (PIE);34000;20171223;UFV.RS.RN.034184-3.01;BERNARDO.OLIVEIRA;20241213;BERNARDO.OLIVEIRA;20241213
Futura 2;100% para SPE FUTURA 1 GERACAO E COMERCIALIZACAO DE ENERGIA SOLAR S.A. (PIE);31474.8;20230524;UFV.RS.BA.037480-6.01;BERNARDO.OLIVEIRA;20241213;BERNARDO.OLIVEIRA;20241213
São Pedro e Paulo I;100% para São Pedro e Paulo I SPE S.A. (PIE);27496;20240518;UFV.RS.PE.031870-1.01;BERNARDO.OLIVEIRA;20241213;BERNARDO.OLIVEIRA;20241213
Lavras 3;100% para LAVRAS 3 SOLAR ENERGIAS RENOVÁVEIS S.A. (PIE);27000;20220729;UFV.RS.CE.037867-4.01;BERNARDO.OLIVEIRA;20241213;BERNARDO.OLIVEIRA;20241213
Boa Sorte 4;100% para CENTRAL FOTOVOLTAICA BOA SORTE 4 SPE LTDA. (PIE);44100;20240323;UFV.RS.MG.049187-0.01;BERNARDO.OLIVEIRA;20241213;BERNARDO.OLIVEIRA;20241213
São Pedro IV;100% para Central Fotovoltaica São Pedro IV Ltda (PIE);27000;20181108;UFV.RS.BA.033784-6.01;BERNARDO.OLIVEIRA;20241213;BERNARDO.OLIVEIRA;20241213
Belmonte 2-2;98% para MATEUS SUPERMERCADOS S.A. (PIE) 2% para BELMONTE SOLAR HOLDING S.A (PIE);50000;20231025;UFV.RS.PE.040736-4.01;BERNARDO.OLIVEIRA;20241213;BERNARDO.OLIVEIRA;20241213
Lar do Sol 5;100% para USINA DE ENERGIA FOTOVOLTAICA LAR DO SOL II S.A. (PIE);49500;20230412;UFV.RS.MG.037834-8.01;BERNARDO.OLIVEIRA;20241213;BERNARDO.OLIVEIRA;20241213
Floresta III;100% para ENGIE SOLAR FLORESTA III GERAÇÃO CENTRALIZADA SPE S.A (PIE);22000;20171223;UFV.RS.RN.033569-0.01;BERNARDO.OLIVEIRA;20241213;BERNARDO.OLIVEIRA;20241213
São João 4;100% para GERADORA SOLAR SAO JOAO PARACATU I S.A. (PIE);30000;20231129;UFV.RS.MG.047284-0.01;BERNARDO.OLIVEIRA;20241213;BERNARDO.OLIVEIRA;20241213
ETESA 20 São João do Piauí IV;100% para CELEO SÃO JOÃO DO PIAUÍ FV IV S.A. (PIE);28840;20200415;UFV.RS.PI.034788-4.01;BERNARDO.OLIVEIRA;20241213;BERNARDO.OLIVEIRA;20241213
Ferreira Costa Natal;100% para FERREIRA COSTA &amp CIA LTDA (REG);700;20220803;UFV.RS.RN.068302-7.01;BERNARDO.OLIVEIRA;20241213;BERNARDO.OLIVEIRA;20241213
Vazante 3;100% para Vazante III Energias Renováveis S.A. (PIE);27000;20171207;UFV.RS.MG.032341-1.01;BERNARDO.OLIVEIRA;20241213;BERNARDO.OLIVEIRA;20241213
Polpa Ideal I;100% para Industria de Polpa de Frutas Ideal LTDA (REG);217.2;20200217;UFV.RS.PB.052044-6.01;BERNARDO.OLIVEIRA;20241213;BERNARDO.OLIVEIRA;20241213
arinos 22;100% para Usina Fotovoltaica Arinos E 22 Ltda. (PIE);47945;20241017;UFV.RS.MG.050841-1.01;BERNARDO.OLIVEIRA;20241213;BERNARDO.OLIVEIRA;20241213
Maravilhas II;100% para Atiaia Energia S.A. (PIE);27000;20231219;UFV.RS.PE.050606-0.01;BERNARDO.OLIVEIRA;20241213;BERNARDO.OLIVEIRA;20241213
Sobral 1;100% para Sobral I Solar Energia SPE Ltda (PIE);30000;20170909;UFV.RS.PI.034388-9.01;BERNARDO.OLIVEIRA;20241213;BERNARDO.OLIVEIRA;20241213
Janaúba 18;95% para TELEFONICA BRASIL S.A. (APE) 5% para SANTO AFONSO ENERGETICA S.A.. (APE);50000;20230531;UFV.RS.MG.040874-3.01;BERNARDO.OLIVEIRA;20241213;BERNARDO.OLIVEIRA;20241213
Lapa 2;100% para Nova Lapa Solar S.A. (PIE);30000;20170630;UFV.RS.BA.034437-0.01;BERNARDO.OLIVEIRA;20241213;BERNARDO.OLIVEIRA;20241213
AC V;100% para VALE S.A. (PIE);39496;20230103;UFV.RS.MG.037390-7.01;BERNARDO.OLIVEIRA;20241213;BERNARDO.OLIVEIRA;20241213
Solar Salgueiro III;100% para SALGUEIRO III ENERGIAS RENOVÁVEIS S.A. (PIE);30000;20210819;UFV.RS.PE.034105-3.01;BERNARDO.OLIVEIRA;20241213;BERNARDO.OLIVEIRA;20241213
Novo Oriente II;100% para CENTRAL SOLAR NOVO ORIENTE II S.A. (PIE);40600;;UFV.RS.SP.049336-8.01;BERNARDO.OLIVEIRA;20241213;BERNARDO.OLIVEIRA;20241213
Jaíba CE;100% para Jaíba CE Energias Renováveis S.A. (PIE);40000;20240504;UFV.RS.MG.043148-6.01;BERNARDO.OLIVEIRA;20241213;BERNARDO.OLIVEIRA;20241213
Alex X;100% para Alex X Energia SPE S.A. (PIE);30933;20211030;UFV.RS.CE.035864-9.01;BERNARDO.OLIVEIRA;20241213;BERNARDO.OLIVEIRA;20241213
Horizonte MP 11;100% para Enel Green Power Horizonte MP Solar S.A. (PIE);21000;20180317;UFV.RS.BA.033777-3.01;BERNARDO.OLIVEIRA;20241213;BERNARDO.OLIVEIRA;20241213
Juazeiro Solar I;100% para CENTRAL FOTOVOLTAICA JUAZEIRO SOLAR I SPE LTDA (PIE);30000;20181212;UFV.RS.BA.033928-8.01;BERNARDO.OLIVEIRA;20241213;BERNARDO.OLIVEIRA;20241213
Serra do Mato IV;100% para SERRA DO MATO IV ENERGIA SOLAR S.A. (PIE);54128;20230706;UFV.RS.CE.044496-0.01;BERNARDO.OLIVEIRA;20241213;BERNARDO.OLIVEIRA;20241213
Marangatu 11;100% para MARANGATU 11 ENERGIAS RENOVAVEIS S.A. (PIE);30000;20240419;UFV.RS.PI.038353-8.01;BERNARDO.OLIVEIRA;20241213;BERNARDO.OLIVEIRA;20241213
Futura 14;100% para SPE FUTURA 4 GERACAO E COMERCIALIZACAO DE ENERGIA SOLAR S.A. (PIE);31474.8;20230526;UFV.RS.BA.037492-0.01;BERNARDO.OLIVEIRA;20241213;BERNARDO.OLIVEIRA;20241213
Belmonte 1-4;100% para Belmonte I Parque Solar S.A. (PIE);5001;20231205;UFV.RS.PE.040728-3.01;BERNARDO.OLIVEIRA;20241213;BERNARDO.OLIVEIRA;20241213
Mendubim IV;100% para SOL DE GALINHOS ENERGIA LTDA (PIE);31625;20240208;UFV.RS.RN.037752-0.01;BERNARDO.OLIVEIRA;20241213;BERNARDO.OLIVEIRA;20241213
São João 2;100% para GERADORA SOLAR SAO JOAO PARACATU I S.A. (PIE);30000;20231129;UFV.RS.MG.047282-4.01;BERNARDO.OLIVEIRA;20241213;BERNARDO.OLIVEIRA;20241213
Coremas VII;100% para Coremas VII Geração de Energia SPE Ltda. (PIE);27000;20220526;UFV.RS.PB.032882-0.01;BERNARDO.OLIVEIRA;20241213;BERNARDO.OLIVEIRA;20241213
Pereira Barreto V;100% para CENTRAL SOLAR PEREIRA BARRETO V S.A (PIE);35910;20211120;UFV.RS.SP.034365-0.01;BERNARDO.OLIVEIRA;20241213;BERNARDO.OLIVEIRA;20241213
Santa Luzia 3;100% para RIO ALTO UFV STL III SPE S/A (PIE);50000;;UFV.RS.PB.049687-1.01;BERNARDO.OLIVEIRA;20241213;BERNARDO.OLIVEIRA;20241213
Arinos 16;100% para Usina Fotovoltaica Arinos E 16 Ltda. (PIE);47945;20240920;UFV.RS.MG.047312-0.01;BERNARDO.OLIVEIRA;20241213;BERNARDO.OLIVEIRA;20241213
São Gonçalo 22;100% para Enel Green Power São Gonçalo 22 S.A. (PIE);50000;20200228;UFV.RS.PI.037589-6.01;BERNARDO.OLIVEIRA;20241213;BERNARDO.OLIVEIRA;20241213
AC XXI;100% para VALE S.A. (PIE);39496;20230718;UFV.RS.MG.037632-9.01;BERNARDO.OLIVEIRA;20241213;BERNARDO.OLIVEIRA;20241213
Monte Verde Solar III;100% para Central Geradora Fotovoltaica Monte Verde Solar III S.A. (PIE);42471.13;20240307;UFV.RS.RN.045155-0.01;BERNARDO.OLIVEIRA;20241213;BERNARDO.OLIVEIRA;20241213
São Gonçalo 11;100% para ENEL GREEN POWER SÃO GONÇALO 11 S.A (PIE);34542;20201222;UFV.RS.PI.037578-0.01;BERNARDO.OLIVEIRA;20241213;BERNARDO.OLIVEIRA;20241213
Solar São Gabriel;100% para CRELUZ - COOPERATIVA DE GERAÇÃO DE ENERGIA E DESENVOLVIMENTO (REG);379;20191212;UFV.RS.RS.046740-5.01;BERNARDO.OLIVEIRA;20241213;BERNARDO.OLIVEIRA;20241213
Hélio Valgas 10;100% para GERADORA SOLAR HELIO VALGAS V S.A. (PIE);50000;20230804;UFV.RS.MG.043001-3.01;BERNARDO.OLIVEIRA;20241213;BERNARDO.OLIVEIRA;20241213
Boa Sorte 6;100% para CENTRAL FOTOVOLTAICA BOA SORTE 6 SPE LTDA (PIE);44100;20240307;UFV.RS.MG.049189-6.01;BERNARDO.OLIVEIRA;20241213;BERNARDO.OLIVEIRA;20241213
Ituverava 4;100% para Enel Green Power Ituverava Solar S.A. (PIE);28000;20171223;UFV.RS.BA.032319-5.01;BERNARDO.OLIVEIRA;20241213;BERNARDO.OLIVEIRA;20241213
Sertão Solar Barreiras I;100% para Solar Barreiras I Energia SPE LTDA. (PIE);23660;20191129;UFV.RS.BA.033469-3.01;BERNARDO.OLIVEIRA;20241213;BERNARDO.OLIVEIRA;20241213
Sitiá 2;100% para SITIÁ 2 ENERGIAS RENOVÁVEIS S.A. (PIE);25000;20240202;UFV.RS.CE.038397-0.01;BERNARDO.OLIVEIRA;20241213;BERNARDO.OLIVEIRA;20241213
Ster Bom Matriz;100% para Ster Bom Ind. e Com. LTDA. (REG);360;20200115;UFV.RS.RN.050250-2.01;BERNARDO.OLIVEIRA;20241213;BERNARDO.OLIVEIRA;20241213
Araxá 1;100% para USINA DE ENERGIA FOTOVOLTAICA ARAXA S.A. (PIE);45000;20230301;UFV.RS.MG.040851-4.01;BERNARDO.OLIVEIRA;20241213;BERNARDO.OLIVEIRA;20241213
Perola Rua Luziania;100% para Pérola Distribuição e Logística S.A. (REG);140;20220718;UFV.RS.GO.071739-8.01;BERNARDO.OLIVEIRA;20241213;BERNARDO.OLIVEIRA;20241213
Mendubim II;100% para SOL DE CRISTÓVÃO ENERGIA LTDA (PIE);46000;20240208;UFV.RS.RN.037750-3.01;BERNARDO.OLIVEIRA;20241213;BERNARDO.OLIVEIRA;20241213
Rafitec Fábrica 03;100% para RAFITEC S/A INDÚSTRIA E COMÉRCIO DE SACARIAS (REG);108;20190901;UFV.RS.SC.07133-3;BERNARDO.OLIVEIRA;20241213;BERNARDO.OLIVEIRA;20241213
Alex IX;100% para Alex IX Energia SPE S.A. (PIE);30933;20211030;UFV.RS.CE.035863-0.01;BERNARDO.OLIVEIRA;20241213;BERNARDO.OLIVEIRA;20241213
Caxiense;100% para PEDREIRA E CONCRETOS CAXIENSE LTDA (REG);1870;20200113;UFV.RS.RS.046811-8.01;BERNARDO.OLIVEIRA;20241213;BERNARDO.OLIVEIRA;20241213
Santa Luzia 1;100% para RIO ALTO UFV STL I SPE S/A (PIE);50000;20240911;UFV.RS.PB.049685-5.01;BERNARDO.OLIVEIRA;20241213;BERNARDO.OLIVEIRA;20241213
Marangatu 3;100% para MARANGATU 3 ENERGIAS RENOVAVEIS S.A. (PIE);30000;20240419;UFV.RS.PI.037788-0.01;BERNARDO.OLIVEIRA;20241213;BERNARDO.OLIVEIRA;20241213
Futura 9;100% para SPE FUTURA 3 GERACAO E COMERCIALIZACAO DE ENERGIA SOLAR S.A. (PIE);31474.8;20230524;UFV.RS.BA.037487-3.01;BERNARDO.OLIVEIRA;20241213;BERNARDO.OLIVEIRA;20241213
Ciranda 2;100% para CIRANDA 2 ENERGIAS RENOVAVEIS S.A. (PIE);49500;20230809;UFV.RS.PE.037466-0.01;BERNARDO.OLIVEIRA;20241213;BERNARDO.OLIVEIRA;20241213
Coremas I;100% para COREMAS I GERAÇÃO DE ENERGIA SPE S.A (PIE);27000;20190201;UFV.RS.PB.032311-0.01;BERNARDO.OLIVEIRA;20241213;BERNARDO.OLIVEIRA;20241213
Jaíba CS;100% para Jaíba CS Energias Renováveis S.A. (PIE);40000;20240525;UFV.RS.MG.043164-8.01;BERNARDO.OLIVEIRA;20241213;BERNARDO.OLIVEIRA;20241213
Nova Olinda 9;100% para Nova Olinda Norte Solar S.A. (PIE);30000;20171209;UFV.RS.PI.033128-7.01;BERNARDO.OLIVEIRA;20241213;BERNARDO.OLIVEIRA;20241213
Arinos 11;100% para Usina Fotovoltaica Arinos E 11 Ltda. (PIE);46870;20240430;UFV.RS.MG.047307-3.01;BERNARDO.OLIVEIRA;20241213;BERNARDO.OLIVEIRA;20241213
Fontes Solar II;100% para ENEL SOLUÇÕES ENERGÉTICAS LTDA (REG);5000;20150908;UFV.RS.PE.032373-0.01;BERNARDO.OLIVEIRA;20241213;BERNARDO.OLIVEIRA;20241213
Sertão Solar Barreiras XVII;100% para SERTAO SOLAR BARREIRAS XVII S.A. (PIE);50000;20240710;UFV.RS.BA.044513-4.01;BERNARDO.OLIVEIRA;20241213;BERNARDO.OLIVEIRA;20241213
São Gonçalo 1;100% para Enel Green Power São Gonçalo 1 S.A. (PIE);45680;20200222;UFV.RS.PI.033841-9.01;BERNARDO.OLIVEIRA;20241213;BERNARDO.OLIVEIRA;20241213
AC XVI;100% para VALE S.A. (PIE);39496;20230420;UFV.RS.MG.037627-2.01;BERNARDO.OLIVEIRA;20241213;BERNARDO.OLIVEIRA;20241213
Dunamis III;100% para Dunamis Projetos De Energia Fotovoltaica SPE LTDA. (PIE);29385;;UFV.RS.RN.045018-9.01;BERNARDO.OLIVEIRA;20241213;BERNARDO.OLIVEIRA;20241213
Lar do Sol 10 (Antiga Leo Silveira 10);100% para Usina de Energia Fotovoltaica Lar do Sol V S.A. (PIE);49500;20220928;UFV.RS.MG.037839-9.01;BERNARDO.OLIVEIRA;20241213;BERNARDO.OLIVEIRA;20241213
Brígida;100% para BRIGIDA SOLAR SPE LTDA (PIE);31500;20210626;UFV.RS.PE.034169-0.01;BERNARDO.OLIVEIRA;20241213;BERNARDO.OLIVEIRA;20241213
Paracatu 2;100% para ENGIE SOLAR PARACATU II GERAÇÃO CENTRALIZADA SPE S.A. (PIE);33000;20190209;UFV.RS.MG.034000-6.01;BERNARDO.OLIVEIRA;20241213;BERNARDO.OLIVEIRA;20241213
Monte Verde Solar II;60.2700% para BOZEL BRASIL S.A. (PIE) 39.7300% para Central Geradora Fotovoltaica Monte Verde Solar;42471.13;20240307;UFV.RS.RN.045154-1.01;BERNARDO.OLIVEIRA;20241213;BERNARDO.OLIVEIRA;20241213
Lar do Sol 9 (Antiga Leo Silveira 9);100% para Usina de Energia Fotovoltaica Lar do Sol V S.A. (PIE);49500;20221026;UFV.RS.MG.037838-0.01;BERNARDO.OLIVEIRA;20241213;BERNARDO.OLIVEIRA;20241213
Boa Sorte 1;100% para CENTRAL FOTOVOLTAICA BOA SORTE 1 SPE LTDA. (PIE);44100;20240307;UFV.RS.MG.049183-7.01;BERNARDO.OLIVEIRA;20241213;BERNARDO.OLIVEIRA;20241213
São Gonçalo 4;100% para Enel Green Power São Gonçalo 4 S.A. (PIE);50000;20200521;UFV.RS.PI.033844-3.01;BERNARDO.OLIVEIRA;20241213;BERNARDO.OLIVEIRA;20241213
Belmonte 1-3;100% para Belmonte I Parque Solar S.A. (PIE);50000;20231205;UFV.RS.PE.040727-5.01;BERNARDO.OLIVEIRA;20241213;BERNARDO.OLIVEIRA;20241213
Fazenda Solar;100% para Enel Green Power Fazenda S.A. (REG);900;20150601;UFV.RS.MT.035492-9.01;BERNARDO.OLIVEIRA;20241213;BERNARDO.OLIVEIRA;20241213
AC XXIII;100% para VALE S.A. (PIE);39496;20230415;UFV.RS.MG.037634-5.01;BERNARDO.OLIVEIRA;20241213;BERNARDO.OLIVEIRA;20241213
Sol do Sertão VIII;100% para SOL DO SERTÃO OB II ENERGIA SOLAR LTDA (PIE);95245;20210901;UFV.RS.BA.032066-8.01;BERNARDO.OLIVEIRA;20241213;BERNARDO.OLIVEIRA;20241213
Coopermaçã;100% para COOPERMACA Indústria e Comércio de Maçãs LTDA. (REG);600;20221130;UFV.RS.RS.071671-5.01;BERNARDO.OLIVEIRA;20241213;BERNARDO.OLIVEIRA;20241213
Hélio Valgas 2;100% para GERADORA SOLAR HELIO VALGAS I S.A. (PIE);50000;20230819;UFV.RS.MG.042992-9.01;BERNARDO.OLIVEIRA;20241213;BERNARDO.OLIVEIRA;20241213
Guaimbé 5;100% para GUAIMBÉ V PARQUE SOLAR S.A. (PIE);30000;20180413;UFV.RS.SP.032330-6.01;BERNARDO.OLIVEIRA;20241213;BERNARDO.OLIVEIRA;20241213
São Gonçalo 14;100% para ENEL GREEN POWER SÃO GONÇALO 14 S.A. (PIE);43032;20220325;UFV.RS.PI.037581-0.01;BERNARDO.OLIVEIRA;20241213;BERNARDO.OLIVEIRA;20241213
Marangatu 4;100% para MARANGATU 4 ENERGIAS RENOVAVEIS S.A. (PIE);30000;20240419;UFV.RS.PI.037783-0.01;BERNARDO.OLIVEIRA;20241213;BERNARDO.OLIVEIRA;20241213
Pitombeira;100% para UFV PITOMBEIRA S.A. (PIE);47250;20240216;UFV.RS.CE.034037-5.01;BERNARDO.OLIVEIRA;20241213;BERNARDO.OLIVEIRA;20241213
MEGAWATT SOLAR;;930;20140624;UFV.RS.SC.031635-0.01;BERNARDO.OLIVEIRA;20241213;BERNARDO.OLIVEIRA;20241213
Futura 4;100% para SPE FUTURA 1 GERACAO E COMERCIALIZACAO DE ENERGIA SOLAR S.A. (PIE);31474.8;20230526;UFV.RS.BA.037482-2.01;BERNARDO.OLIVEIRA;20241213;BERNARDO.OLIVEIRA;20241213
Ribeiro Gonçalves III;100% para RIBEIRO GONCALVES SOLAR III S.A. (PIE);40755;20240523;UFV.RS.PI.041906-0.01;BERNARDO.OLIVEIRA;20241213;BERNARDO.OLIVEIRA;20241213
Buritis;100% para ENERGIAS DE BURITIS I SPE LTDA (PIE);5200;20220616;UFV.RS.RO.056129-0.01;BERNARDO.OLIVEIRA;20241213;BERNARDO.OLIVEIRA;20241213
Racri;100% para Racri Industria de Reciclagem LTDA. (REG);300;20220328;UFV.RS.MG.071747-9.01;BERNARDO.OLIVEIRA;20241213;BERNARDO.OLIVEIRA;20241213
São João 6;100% para GERADORA SOLAR SAO JOAO PARACATU II S.A. (PIE);30000;20231129;UFV.RS.MG.047286-7.01;BERNARDO.OLIVEIRA;20241213;BERNARDO.OLIVEIRA;20241213
Janaúba 3;100% para Janaúba III Geração Solar Energia S.A. (PIE);50000;20220730;UFV.RS.MG.040859-0.01;BERNARDO.OLIVEIRA;20241213;BERNARDO.OLIVEIRA;20241213
Pirapora 4;100% para PIRAPORA IV ENERGIAS RENOVÁVEIS S.A. (PIE);31000;20180504;UFV.RS.MG.033187-2.01;BERNARDO.OLIVEIRA;20241213;BERNARDO.OLIVEIRA;20241213
Santa Luzia IX;100% para RIO ALTO UFV STL IX SPE S/A (PIE);50000;20240402;UFV.RS.PB.049693-6.01;BERNARDO.OLIVEIRA;20241213;BERNARDO.OLIVEIRA;20241213
AC VII;100% para VALE S.A. (PIE);39496;20230103;UFV.RS.MG.037548-9.01;BERNARDO.OLIVEIRA;20241213;BERNARDO.OLIVEIRA;20241213
Aeroporto De Salvador;100% para Concessionaria Do Aeroporto de Salvador S.A. (REG);3300;20200820;UFV.RS.BA.049251-5.01;BERNARDO.OLIVEIRA;20241213;BERNARDO.OLIVEIRA;20241213
Zodiac Produtos Farmacêuticos;100% para ADIUM S.A. (REG);880;20220616;UFV.RS.SP.064470-6.01;BERNARDO.OLIVEIRA;20241213;BERNARDO.OLIVEIRA;20241213
Jaíba NO2;100% para Jaíba NO2 Energias Renováveis S.A. (PIE);40000;20240302;UFV.RS.MG.043153-2.01;BERNARDO.OLIVEIRA;20241213;BERNARDO.OLIVEIRA;20241213
BJL 11;100% para BJL11 SOLAR S.A. (PIE);20000;20180512;UFV.RS.BA.034153-3.01;BERNARDO.OLIVEIRA;20241213;BERNARDO.OLIVEIRA;20241213
Malta;100% para MALTA ENERGIAS RENOVÁVEIS S.A. (PIE);27200;20181027;UFV.RS.PB.034086-3.01;BERNARDO.OLIVEIRA;20241213;BERNARDO.OLIVEIRA;20241213
Arinos 13;100% para Usina Fotovoltaica Arinos E 13 Ltda. (PIE);46870;20240626;UFV.RS.MG.047309-0.01;BERNARDO.OLIVEIRA;20241213;BERNARDO.OLIVEIRA;20241213
São Gonçalo 12;100% para ENEL GREEN POWER SÃO GONÇALO 12 S.A. (PIE);34542;20201222;UFV.RS.PI.037579-9.01;BERNARDO.OLIVEIRA;20241213;BERNARDO.OLIVEIRA;20241213
AC XVIII;100% para VALE S.A. (PIE);39496;20230613;UFV.RS.MG.037629-9.01;BERNARDO.OLIVEIRA;20241213;BERNARDO.OLIVEIRA;20241213
Monte Verde Solar V;60.2700% para BOZEL BRASIL S.A. (PIE) 39.7300% para Central Geradora Fotovoltaica Monte Verde Solar;42471.13;20240611;UFV.RS.RN.045020-0.01;BERNARDO.OLIVEIRA;20241213;BERNARDO.OLIVEIRA;20241213
Sobrado 1;100% para OH SOBRADO GERADORA DE ENERGIA SOLAR S.A (PIE);30000;20191114;UFV.RS.BA.034387-0.01;BERNARDO.OLIVEIRA;20241213;BERNARDO.OLIVEIRA;20241213
Milagres II;100% para LIGHTSOURCE MILAGRES II GERAÇÃO DE ENERGIA LTDA (PIE);32740;20231219;UFV.RS.CE.044574-6.01;BERNARDO.OLIVEIRA;20241213;BERNARDO.OLIVEIRA;20241213
Madesa;100% para M D Móveis LTDA (REG);300;20210701;UFV.RS.RS.056750-7;BERNARDO.OLIVEIRA;20241213;BERNARDO.OLIVEIRA;20241213
São Gonçalo 17;100% para ENEL GREEN POWER SÃO GONÇALO 17 S.A (PIE);43030;20220319;UFV.RS.PI.037584-5.01;BERNARDO.OLIVEIRA;20241213;BERNARDO.OLIVEIRA;20241213
Fontes Solar I;100% para ENEL SOLUÇÕES ENERGÉTICAS LTDA (REG);5000;20150902;UFV.RS.PE.032372-1.01;BERNARDO.OLIVEIRA;20241213;BERNARDO.OLIVEIRA;20241213
Federal;100% para FEDERAL ENERGIA S/A (REG);73;20210501;UFV.RS.PE.054877-4.01;BERNARDO.OLIVEIRA;20241213;BERNARDO.OLIVEIRA;20241213
Horizonte MP 2;100% para Enel Green Power Horizonte MP Solar S.A. (PIE);29400;20180315;UFV.RS.BA.033759-5.01;BERNARDO.OLIVEIRA;20241213;BERNARDO.OLIVEIRA;20241213
Santa Luzia V;100% para RIO ALTO UFV STL V SPE S/A (PIE);50000;20240402;UFV.RS.PB.049689-8.01;BERNARDO.OLIVEIRA;20241213;BERNARDO.OLIVEIRA;20241213
Tauá;100% para Tauá Geração de Energia LTDA. (REG);1000;20110701;UFV.RS.CE.030060-8.01;BERNARDO.OLIVEIRA;20241213;BERNARDO.OLIVEIRA;20241213
Marangatu 10;100% para MARANGATU 10 ENERGIAS RENOVAVEIS S.A. (PIE);30000;20240419;UFV.RS.PI.038352-0.01;BERNARDO.OLIVEIRA;20241213;BERNARDO.OLIVEIRA;20241213
Vazante 2;100% para Vazante II Energias Renováveis S.A. (PIE);27000;20171207;UFV.RS.MG.032340-3.01;BERNARDO.OLIVEIRA;20241213;BERNARDO.OLIVEIRA;20241213
Jaíba CO;100% para Jaíba CO Energias Renováveis S.A. (PIE);40000;20240313;UFV.RS.MG.043151-6.01;BERNARDO.OLIVEIRA;20241213;BERNARDO.OLIVEIRA;20241213
arinos 21;100% para Usina Fotovoltaica Arinos E 21 Ltda. (PIE);47945;20240920;UFV.RS.MG.050840-3.01;BERNARDO.OLIVEIRA;20241213;BERNARDO.OLIVEIRA;20241213
Juazeiro Solar III;100% para CENTRAL FOTOVOLTAICA JUAZEIRO SOLAR III SPE LTDA (PIE);30000;20181213;UFV.RS.BA.033930-0.01;BERNARDO.OLIVEIRA;20241213;BERNARDO.OLIVEIRA;20241213
São João 1;100% para GERADORA SOLAR SAO JOAO PARACATU I S.A. (PIE);30000;20231129;UFV.RS.MG.047281-6.01;BERNARDO.OLIVEIRA;20241213;BERNARDO.OLIVEIRA;20241213
São Gonçalo 8;100% para ENEL GREEN POWER SÃO GONÇALO 08 S.A (PIE);34542;20201222;UFV.RS.PI.033849-4.01;BERNARDO.OLIVEIRA;20241213;BERNARDO.OLIVEIRA;20241213
Pereira Barreto IV;100% para CENTRAL SOLAR PEREIRA BARRETO IV S.A. (PIE);41895;20211015;UFV.RS.SP.034364-1.01;BERNARDO.OLIVEIRA;20241213;BERNARDO.OLIVEIRA;20241213
Futura 16;100% para SPE FUTURA 4 GERACAO E COMERCIALIZACAO DE ENERGIA SOLAR S.A. (PIE);31474.8;20230526;UFV.RS.BA.037494-6.01;BERNARDO.OLIVEIRA;20241213;BERNARDO.OLIVEIRA;20241213
Guimarania 2;100% para GUIMARANIA II SOLAR SPE S.A. (PIE);32550;20181212;UFV.RS.MG.034074-0.01;BERNARDO.OLIVEIRA;20241213;BERNARDO.OLIVEIRA;20241213
Mendubim VI;100% para SOL DE TOUROS ENERGIA LTDA (PIE);30580;20240308;UFV.RS.RN.037754-6.01;BERNARDO.OLIVEIRA;20241213;BERNARDO.OLIVEIRA;20241213
Novo Oriente I;100% para CENTRAL SOLAR NOVO ORIENTE I S.A. (PIE);40600;20241008;UFV.RS.SP.049335-0.01;BERNARDO.OLIVEIRA;20241213;BERNARDO.OLIVEIRA;20241213
Janaúba 10;100% para Janaúba X Geração Solar Energia S.A. (PIE);50000;20221025;UFV.RS.MG.040866-2.01;BERNARDO.OLIVEIRA;20241213;BERNARDO.OLIVEIRA;20241213
Alex VIII;100% para Alex VIII Energia SPE S.A. (PIE);30933;20211030;UFV.RS.CE.035862-2.01;BERNARDO.OLIVEIRA;20241213;BERNARDO.OLIVEIRA;20241213
Janaúba 15;95% para TELEFONICA BRASIL S.A. (APE) 5% para SANTO AFONSO ENERGETICA S.A.. (APE);50000;20230228;UFV.RS.MG.040871-9.01;BERNARDO.OLIVEIRA;20241213;BERNARDO.OLIVEIRA;20241213
Juazeiro VI;100% para Central Fotovoltaica Juazeiro Solar VI SPE Ltda. (PIE);47292;20211223;UFV.RS.BA.043285-7.01;BERNARDO.OLIVEIRA;20241213;BERNARDO.OLIVEIRA;20241213
arinos 8;100% para USINA FOTOVOLTAICA ARINOS C 8 LTDA. (PIE);48118;20240904;UFV.RS.MG.047304-9.01;BERNARDO.OLIVEIRA;20241213;BERNARDO.OLIVEIRA;20241213
Fazenda Esmeralda;100% para ESMERALDA ENERGIAS RENOVÁVEIS S.A. (PIE);29000;20190418;UFV.RS.PE.034305-6.01;BERNARDO.OLIVEIRA;20241213;BERNARDO.OLIVEIRA;20241213
Pirapora 6;100% para PIRAPORA VI ENERGIAS RENOVÁVEIS S.A. (PIE);31000;20171006;UFV.RS.MG.033189-9.01;BERNARDO.OLIVEIRA;20241213;BERNARDO.OLIVEIRA;20241213
Sertão Solar Barreiras XIX;100% para SERTAO SOLAR BARREIRAS XIX S.A. (PIE);50000;20240710;UFV.RS.BA.044510-0.01;BERNARDO.OLIVEIRA;20241213;BERNARDO.OLIVEIRA;20241213
Mendubim XIII;100% para SOL DE BAÍA FORMOSA ENERGIA LTDA (PIE);41700;20240208;UFV.RS.RN.037774-0.01;BERNARDO.OLIVEIRA;20241213;BERNARDO.OLIVEIRA;20241213
Marangatu 8;100% para MARANGATU 8 ENERGIAS RENOVAVEIS S.A. (PIE);30000;20240419;UFV.RS.PI.038350-3.01;BERNARDO.OLIVEIRA;20241213;BERNARDO.OLIVEIRA;20241213
Sitiá 1;100% para SITIÁ 1 ENERGIAS RENOVÁVEIS S.A. (PIE);25000;20240202;UFV.RS.CE.038396-1.01;BERNARDO.OLIVEIRA;20241213;BERNARDO.OLIVEIRA;20241213
Supermercado Nordestão Superfácil Rodoviária;100% para SUPERMERCADO NORDESTÃO LTDA (REG);960;20190903;UFV.RS.RN.048822-4.01;BERNARDO.OLIVEIRA;20241213;BERNARDO.OLIVEIRA;20241213
Solar São Rafael;100% para CRELUZ - COOPERATIVA DE GERAÇÃO DE ENERGIA E DESENVOLVIMENTO (REG);718;20200228;UFV.RS.RS.046921-1.01;BERNARDO.OLIVEIRA;20241213;BERNARDO.OLIVEIRA;20241213
Pedranópolis 1;100% para USINA DE ENERGIA FOTOVOLTAICA PEDRANÓPOLIS S.A. (PIE);30000;20221110;UFV.RS.SP.034358-7.01;BERNARDO.OLIVEIRA;20241213;BERNARDO.OLIVEIRA;20241213
Boa Sorte 8;100% para CENTRAL FOTOVOLTAICA BOA SORTE 8 SPE LTDA (PIE);44100;20240316;UFV.RS.MG.049191-8.01;BERNARDO.OLIVEIRA;20241213;BERNARDO.OLIVEIRA;20241213
Sertão Solar Barreiras III;100% para Solar Barreiras  III Energia SPE LTDA. (PIE);23660;20191129;UFV.RS.BA.033471-5.01;BERNARDO.OLIVEIRA;20241213;BERNARDO.OLIVEIRA;20241213
Belmonte 2-6;100% para Belmonte II Parque Solar S.A. (PIE);50000;20231109;UFV.RS.PE.043267-9.01;BERNARDO.OLIVEIRA;20241213;BERNARDO.OLIVEIRA;20241213
Pereira Barreto II;100% para CENTRAL SOLAR PEREIRA BARRETO II S.A. (PIE);41895;20211015;UFV.RS.SP.034362-5.01;BERNARDO.OLIVEIRA;20241213;BERNARDO.OLIVEIRA;20241213
Luzia 2;100% para LUZIA 2 ENERGIA RENOVAVEL S.A. (PIE);58932;20220916;UFV.RS.PB.044469-3.01;BERNARDO.OLIVEIRA;20241213;BERNARDO.OLIVEIRA;20241213
Perola Br 060;100% para Pérola Distribuição e Logística S.A. (REG);300;20220615;UFV.RS.GO.071741-0.01;BERNARDO.OLIVEIRA;20241213;BERNARDO.OLIVEIRA;20241213
Jaíba 9;100% para JAÍBA 9 ENERGIAS RENOVÁVEIS S.A. (PIE);22500;20210831;UFV.RS.MG.035805-3.01;BERNARDO.OLIVEIRA;20241213;BERNARDO.OLIVEIRA;20241213
Hélio Valgas 9;100% para GERADORA SOLAR HELIO VALGAS V S.A. (PIE);50000;20230810;UFV.RS.MG.042999-6.01;BERNARDO.OLIVEIRA;20241213;BERNARDO.OLIVEIRA;20241213
Ferreira Costa Aracaju;100% para FERREIRA COSTA &amp CIA LTDA (REG);800;20220415;UFV.RS.SE.062878-6;BERNARDO.OLIVEIRA;20241213;BERNARDO.OLIVEIRA;20241213
Alex VI;100% para Alex VI Energia SPE S.A. (PIE);30933;20211030;UFV.RS.CE.035860-6.01;BERNARDO.OLIVEIRA;20241213;BERNARDO.OLIVEIRA;20241213
Portal Vidros;100% para Portal Indústria e Comércio de Vidros LTDA. (REG);360;20211101;UFV.RS.AM.062083-1.01;BERNARDO.OLIVEIRA;20241213;BERNARDO.OLIVEIRA;20241213
Ituverava 3;100% para Enel Green Power Ituverava Solar S.A. (PIE);28000;20171104;UFV.RS.BA.032318-7.01;BERNARDO.OLIVEIRA;20241213;BERNARDO.OLIVEIRA;20241213
Lar do Sol 7 (Antiga Leo Silveira 7);100% para Usina de Energia Fotovoltaica Lar do Sol IV S.A. (PIE);49500;20220906;UFV.RS.MG.037836-4.01;BERNARDO.OLIVEIRA;20241213;BERNARDO.OLIVEIRA;20241213
Brisas Suaves;100% para UFV Brisas Suaves S.A. (PIE);5000;20200310;UFV.RS.SP.034107-0.01;BERNARDO.OLIVEIRA;20241213;BERNARDO.OLIVEIRA;20241213
Futura 11;100% para SPE FUTURA 3 GERACAO E COMERCIALIZACAO DE ENERGIA SOLAR S.A. (PIE);31474.8;20230526;UFV.RS.BA.037489-0.01;BERNARDO.OLIVEIRA;20241213;BERNARDO.OLIVEIRA;20241213
Belmonte 1-1;100% para Belmonte I Parque Solar S.A. (PIE);50000;20231205;UFV.RS.PE.040725-9.01;BERNARDO.OLIVEIRA;20241213;BERNARDO.OLIVEIRA;20241213
Dracena 2;100% para DRACENA II PARQUE SOLAR S.A. (PIE);27000;20190824;UFV.RS.SP.032313-6.01;BERNARDO.OLIVEIRA;20241213;BERNARDO.OLIVEIRA;20241213
Mendubim I;100% para SOL DE TIBAU ENERGIA LTDA (PIE);34500;20240208;UFV.RS.RN.037749-0.01;BERNARDO.OLIVEIRA;20241213;BERNARDO.OLIVEIRA;20241213
Solatio Várzea 3;100% para GERADORA SOLAR VARZEA I SA (PIE);45000;20240615;UFV.RS.MG.045071-5.01;BERNARDO.OLIVEIRA;20241213;BERNARDO.OLIVEIRA;20241213
Francisco Sá 2;100% para FRANCISCO SÁ 2 ENERGIAS RENOVÁVEIS S.A. (PIE);33000;20220407;UFV.RS.MG.033237-2.01;BERNARDO.OLIVEIRA;20241213;BERNARDO.OLIVEIRA;20241213
Lar do Sol 4;100% para USINA DE ENERGIA FOTOVOLTAICA LAR DO SOL I S.A. (PIE);49500;20230314;UFV.RS.MG.037833-0.01;BERNARDO.OLIVEIRA;20241213;BERNARDO.OLIVEIRA;20241213
Serra do Mel III (Antiga Serra do Mel IX);100% para SOL SERRA DO MEL III SPE S.A (PIE);48118;20230815;UFV.RS.RN.047424-0.01;BERNARDO.OLIVEIRA;20241213;BERNARDO.OLIVEIRA;20241213
Lavras 5;100% para LAVRAS 5 SOLAR ENERGIAS RENOVÁVEIS S.A. (PIE);27000;20220729;UFV.RS.CE.037869-0.01;BERNARDO.OLIVEIRA;20241213;BERNARDO.OLIVEIRA;20241213
ETESA 18 São João do Piauí II;100% para CELEO SÃO JOÃO DO PIAUÍ FV II S.A. (PIE);32164;20200415;UFV.RS.PI.034786-8.01;BERNARDO.OLIVEIRA;20241213;BERNARDO.OLIVEIRA;20241213
Futura 18;100% para SPE FUTURA 5 GERACAO E COMERCIALIZACAO DE ENERGIA SOLAR S.A. (PIE);31474.8;20230524;UFV.RS.BA.037496-2.01;BERNARDO.OLIVEIRA;20241213;BERNARDO.OLIVEIRA;20241213
Belmonte 2-4;98% para MATEUS SUPERMERCADOS S.A. (PIE) 2% para BELMONTE SOLAR HOLDING S.A (PIE);50000;20231118;UFV.RS.PE.040738-0.01;BERNARDO.OLIVEIRA;20241213;BERNARDO.OLIVEIRA;20241213
Industrias Becker I;100% para Indústria Becker Ltda. (REG);419;20200720;UFV.RS.RN.031399-8.01;BERNARDO.OLIVEIRA;20241213;BERNARDO.OLIVEIRA;20241213
Mendubim VIII;100% para SOL DE MARACAJAÚ ENERGIA LTDA (PIE);33360;20240208;UFV.RS.RN.037769-4.01;BERNARDO.OLIVEIRA;20241213;BERNARDO.OLIVEIRA;20241213
Jaíba 3;100% para JAÍBA 3 ENERGIAS RENOVÁVEIS S.A. (PIE);33000;20210831;UFV.RS.MG.034392-7.01;BERNARDO.OLIVEIRA;20241213;BERNARDO.OLIVEIRA;20241213
Marangatu 6;100% para MARANGATU 6 ENERGIAS RENOVAVEIS S.A. (PIE);30000;20240419;UFV.RS.PI.037785-6.01;BERNARDO.OLIVEIRA;20241213;BERNARDO.OLIVEIRA;20241213
Hélio Valgas 7;100% para GERADORA SOLAR HELIO VALGAS IV S.A. (PIE);50000;20230805;UFV.RS.MG.042997-0.01;BERNARDO.OLIVEIRA;20241213;BERNARDO.OLIVEIRA;20241213
Paracatu 4;100% para ENGIE SOLAR PARACATU IV GERAÇÃO CENTRALIZADA SPE S.A. (PIE);33000;20190109;UFV.RS.MG.033991-1.01;BERNARDO.OLIVEIRA;20241213;BERNARDO.OLIVEIRA;20241213
Boa Sorte 3;100% para CENTRAL FOTOVOLTAICA BOA SORTE 3 SPE LTDA. (PIE);44100;20240307;UFV.RS.MG.049186-1.01;BERNARDO.OLIVEIRA;20241213;BERNARDO.OLIVEIRA;20241213
Ituverava 1;100% para Enel Green Power Ituverava Norte Solar S.A. (PIE);28000;20170805;UFV.RS.BA.032316-0.01;BERNARDO.OLIVEIRA;20241213;BERNARDO.OLIVEIRA;20241213
São Pedro II;100% para Central Fotovoltaica São Pedro II Ltda (PIE);27000;20181108;UFV.RS.BA.033782-0.01;BERNARDO.OLIVEIRA;20241213;BERNARDO.OLIVEIRA;20241213
Panati 5;100% para Panatí 5 Energias Renováveis S.A. (PIE);30000;20240125;UFV.RS.CE.038394-5.01;BERNARDO.OLIVEIRA;20241213;BERNARDO.OLIVEIRA;20241213
Nova Olinda 13;100% para Nova  Olinda C Solar S.A. (PIE);30000;20171209;UFV.RS.PI.033132-5.01;BERNARDO.OLIVEIRA;20241213;BERNARDO.OLIVEIRA;20241213
Zucchi;100% para GRANITO ZUCCHI LTDA (REG);2397.6;20220920;UFV.RS.ES.072167-0.01;BERNARDO.OLIVEIRA;20241213;BERNARDO.OLIVEIRA;20241213
Sol do Piauí;100% para SOL DO PIAUÍ GERAÇÃO DE ENERGIA LTDA (PIE);48118;20240103;UFV.RS.PI.046552-6-01;BERNARDO.OLIVEIRA;20241213;BERNARDO.OLIVEIRA;20241213
Palotti Ape;100% para SOCIEDADE VICENTE PALLOTTI (REG);375;20230616;UFV.RS.RS.072684-2.01;BERNARDO.OLIVEIRA;20241213;BERNARDO.OLIVEIRA;20241213
Dallas Mineracao;100% para Dallas Mineração LTDA (REG);360;20190614;UFV.RS.ES.060651-0.01;BERNARDO.OLIVEIRA;20241213;BERNARDO.OLIVEIRA;20241213
Alex I;100% para Alex I Energia SPE S.A. (PIE);30933;20211030;UFV.RS.CE.035699-9.01;BERNARDO.OLIVEIRA;20241213;BERNARDO.OLIVEIRA;20241213
Cerâmica Juscimeira;100% para CERÂMICA JUSCIMEIRA LTDA (REG);300;20220401;UFV.RS.MT.072261-8.01;BERNARDO.OLIVEIRA;20241213;BERNARDO.OLIVEIRA;20241213
Sol do Sertão XIV;100% para SOL DO SERTÃO OB III ENERGIA SOLAR LTDA (PIE);20409;20211019;UFV.RS.BA.032065-0.01;BERNARDO.OLIVEIRA;20241213;BERNARDO.OLIVEIRA;20241213
Boa Hora 1;100% para BOA HORA 1 GERADORA DE ENERGIA SOLAR S.A. (PIE);23040;20190814;UFV.RS.SP.034161-4.02;BERNARDO.OLIVEIRA;20241213;BERNARDO.OLIVEIRA;20241213
Janaúba 8;100% para Janaúba VIII Geração Solar Energia S.A. (PIE);50000;20220906;UFV.RS.MG.040864-6.01;BERNARDO.OLIVEIRA;20241213;BERNARDO.OLIVEIRA;20241213
Xaxado 2;100% para CIRANDA 5 ENERGIAS RENOVAVEIS S.A (PIE);32000.06;20230404;UFV.RS.PE.034406-0.01;BERNARDO.OLIVEIRA;20241213;BERNARDO.OLIVEIRA;20241213
Apodi IV;100% para APODI IV ENERGIA SPE S/A (PIE);33000;20181128;UFV.RS.CE.033920-2.01;BERNARDO.OLIVEIRA;20241213;BERNARDO.OLIVEIRA;20241213
Jaíba S;100% para Jaíba S Energias Renováveis S.A. (PIE);40000;20240627;UFV.RS.MG.043158-3.01;BERNARDO.OLIVEIRA;20241213;BERNARDO.OLIVEIRA;20241213
Dracena 1;100% para DRACENA I PARQUE SOLAR S.A. (PIE);27000;20190824;UFV.RS.SP.032312-8.01;BERNARDO.OLIVEIRA;20241213;BERNARDO.OLIVEIRA;20241213
AC XX;100% para VALE S.A. (PIE);39496;20230107;UFV.RS.MG.037631-0.01;BERNARDO.OLIVEIRA;20241213;BERNARDO.OLIVEIRA;20241213
Boa Esperança;100% para DMA DISTRIBUIDORA S/A (APE);85000;20240706;UFV.RS.MG.043221-0.01;BERNARDO.OLIVEIRA;20241213;BERNARDO.OLIVEIRA;20241213
Coremas III;100% para COREMAS III GERAÇÃO DE ENERGIA SPE S.A (PIE);27000;20201117;UFV.RS.PB.032544-9.01;BERNARDO.OLIVEIRA;20241213;BERNARDO.OLIVEIRA;20241213
Pereira Barreto I;100% para CENTRAL SOLAR PEREIRA BARRETO I S.A. (PIE);41895;20211015;UFV.RS.SP.034361-7.01;BERNARDO.OLIVEIRA;20241213;BERNARDO.OLIVEIRA;20241213
Futura 13;100% para SPE FUTURA 4 GERACAO E COMERCIALIZACAO DE ENERGIA SOLAR S.A. (PIE);31474.8;20230526;UFV.RS.BA.037491-1.01;BERNARDO.OLIVEIRA;20241213;BERNARDO.OLIVEIRA;20241213
Perola Av Comercial;100% para Pérola Distribuição e Logística S.A. (REG);220;20230126;UFV.RS.GO.071740-1.01;BERNARDO.OLIVEIRA;20241213;BERNARDO.OLIVEIRA;20241213
Mendubim III;100% para SOL DE PONTA DO MEL ENERGIA LTDA (PIE);37375;20240208;UFV.RS.RN.037751-1.01;BERNARDO.OLIVEIRA;20241213;BERNARDO.OLIVEIRA;20241213
Sertão Solar Barreiras XVIII;100% para SERTAO SOLAR BARREIRAS XVIII S.A. (PIE);50000;20240706;UFV.RS.BA.044514-2.01;BERNARDO.OLIVEIRA;20241213;BERNARDO.OLIVEIRA;20241213
Caldeirão Grande III;100% para CENTRAL GERADORA SOLAR LIRA S/A (PIE);30933;20230131;UFV.RS.PI.031685-7.02;BERNARDO.OLIVEIRA;20241213;BERNARDO.OLIVEIRA;20241213
Móveis Paulo;100% para MOVEIS PAULO LTDA (REG);558;20191001;UFV.RS.SC.046484-8.01;BERNARDO.OLIVEIRA;20241213;BERNARDO.OLIVEIRA;20241213
Dunamis IV;100% para Dunamis Projetos De Energia Fotovoltaica SPE LTDA. (PIE);29385;;UFV.RS.RN.045019-7.01;BERNARDO.OLIVEIRA;20241213;BERNARDO.OLIVEIRA;20241213
Lar do Sol 2 (Antiga Léo Silveira 2);100% para Usina de Energia Fotovoltaica Lar do Sol VI S.A. (PIE);49500;20221020;UFV.RS.MG.037831-3.01;BERNARDO.OLIVEIRA;20241213;BERNARDO.OLIVEIRA;20241213
Arinos 15;100% para Usina Fotovoltaica Arinos E 15 Ltda. (PIE);47945;20240920;UFV.RS.MG.047311-1.01;BERNARDO.OLIVEIRA;20241213;BERNARDO.OLIVEIRA;20241213
São Gonçalo 21;100% para Enel Green Power São Gonçalo 21 S.A. (PIE);50000;20200222;UFV.RS.PI.037588-8.01;BERNARDO.OLIVEIRA;20241213;BERNARDO.OLIVEIRA;20241213
Ciranda 3;100% para CIRANDA 3 ENERGIAS RENOVAVEIS S.A. (PIE);49500;20230815;UFV.RS.PE.037516-0.01;BERNARDO.OLIVEIRA;20241213;BERNARDO.OLIVEIRA;20241213
arinos 23;100% para Usina Fotovoltaica Arinos E 23 Ltda. (PIE);47945;20241017;UFV.RS.MG.050842-0.01;BERNARDO.OLIVEIRA;20241213;BERNARDO.OLIVEIRA;20241213
Sol do Futuro I (Steelcons Sol do Futuro I);100% para CENTRAL FOTOVOLTAICA SOL DO FUTURO I S.A. (PIE);27000;20190302;UFV.RS.CE.034745-0.02;BERNARDO.OLIVEIRA;20241213;BERNARDO.OLIVEIRA;20241213
Milagres V;100% para LIGHTSOURCE MILAGRES V GERAÇÃO DE ENERGIA LTDA (PIE);32740;20231220;UFV.RS.CE.044576-2.01;BERNARDO.OLIVEIRA;20241213;BERNARDO.OLIVEIRA;20241213
Mercochem;100% para Mercochem Agro Industrial E Comercial Eireli (REG);500;20220906;UFV.RS.RS.067994-1.01;BERNARDO.OLIVEIRA;20241213;BERNARDO.OLIVEIRA;20241213
Janaúba 19;100% para JANAÚBA XIX GERAÇÃO SOLAR ENERGIA S.A (PIE);50000;20230324;UFV.RS.MG.040875-1.01;BERNARDO.OLIVEIRA;20241213;BERNARDO.OLIVEIRA;20241213
Guaimbé 1;100% para GUAIMBÉ I PARQUE SOLAR S.A. (PIE);30000;20180313;UFV.RS.SP.032326-8.01;BERNARDO.OLIVEIRA;20241213;BERNARDO.OLIVEIRA;20241213
Serra do Mel I;100% para Sol Serra do Mel I SPE S.A (PIE);137480;20220525;UFV.RS.RN.037811-9.01;BERNARDO.OLIVEIRA;20241213;BERNARDO.OLIVEIRA;20241213
Novo Oriente III;100% para CENTRAL SOLAR NOVO ORIENTE III S.A. (PIE);40600;20240903;UFV.RS.SP.049337-6.01;BERNARDO.OLIVEIRA;20241213;BERNARDO.OLIVEIRA;20241213
Solar Alto do Rodrigues;100% para PETRÓLEO BRASILEIRO S.A. PETROBRAS (REG);1100;20140514;UFV.RS.RN.031694-6.01;BERNARDO.OLIVEIRA;20241213;BERNARDO.OLIVEIRA;20241213
Juazeiro Solar II;100% para CENTRAL FOTOVOLTAICA JUAZEIRO SOLAR II SPE LTDA. (PIE);30000;20181218;UFV.RS.BA.033929-6.01;BERNARDO.OLIVEIRA;20241213;BERNARDO.OLIVEIRA;20241213
Futura 1;100% para SPE FUTURA 1 GERACAO E COMERCIALIZACAO DE ENERGIA SOLAR S.A. (PIE);31474.8;20230524;UFV.RS.BA.037479-2.01;BERNARDO.OLIVEIRA;20241213;BERNARDO.OLIVEIRA;20241213
Marangatu 12;100% para MARANGATU 12 ENERGIAS RENOVAVEIS S.A. (PIE);30000;20240419;UFV.RS.PI.038354-6.01;BERNARDO.OLIVEIRA;20241213;BERNARDO.OLIVEIRA;20241213
Verde Vale III;100% para UFV VERDE VALE III ENERGIA SOLAR S/A (PIE);14300;20180822;UFV.RS.BA.033588-6.01;BERNARDO.OLIVEIRA;20241213;BERNARDO.OLIVEIRA;20241213
AC XV;100% para VALE S.A. (PIE);49370;20230311;UFV.RS.MG.037626-4.01;BERNARDO.OLIVEIRA;20241213;BERNARDO.OLIVEIRA;20241213
Dunamis II;100% para Dunamis Projetos De Energia Fotovoltaica SPE LTDA. (PIE);29385;;UFV.RS.RN.045017-0.01;BERNARDO.OLIVEIRA;20241213;BERNARDO.OLIVEIRA;20241213
Boa Hora 3;100% para BOA HORA 3 GERADORA DE ENERGIA SOLAR S.A. (PIE);23040;20190814;UFV.RS.SP.034163-0.02;BERNARDO.OLIVEIRA;20241213;BERNARDO.OLIVEIRA;20241213
Lar do Sol 1 (Antiga Leo Silveira 1);100% para Usina de Energia Fotovoltaica Lar do Sol VI S.A. (PIE);49500;20220907;UFV.RS.MG.037830-5.01;BERNARDO.OLIVEIRA;20241213;BERNARDO.OLIVEIRA;20241213
Futura 8;100% para SPE FUTURA 2 GERACAO E COMERCIALIZACAO DE ENERGIA SOLAR S.A. (PIE);31474.8;20230526;UFV.RS.BA.037486-5.01;BERNARDO.OLIVEIRA;20241213;BERNARDO.OLIVEIRA;20241213
Ciranda 1;100% para CIRANDA 1 ENERGIAS RENOVAVEIS S.A. (PIE);49500;20230809;UFV.RS.PE.037465-2.01;BERNARDO.OLIVEIRA;20241213;BERNARDO.OLIVEIRA;20241213
Bom Jesus da Lapa II;100% para Bom Jesus da Lapa Solar S.A. (PIE);30000;20170630;UFV.RS.BA.032893-6.01;BERNARDO.OLIVEIRA;20241213;BERNARDO.OLIVEIRA;20241213
Ribeiro Gonçalves VIII;100% para RIBEIRO GONCALVES SOLAR VIII S.A. (PIE);33545;20240523;UFV.RS.PI.044296-8.01;BERNARDO.OLIVEIRA;20241213;BERNARDO.OLIVEIRA;20241213
Maravilhas I;100% para Companhia Brasileira de Vidros Planos - CBVP (PIE);27000;20231209;UFV.RS.PE.050605-2.01;BERNARDO.OLIVEIRA;20241213;BERNARDO.OLIVEIRA;20241213
Janaúba 17;95% para TELEFONICA BRASIL S.A. (APE) 5% para SANTO AFONSO ENERGETICA S.A.. (APE);50000;20230228;UFV.RS.MG.040873-5.01;BERNARDO.OLIVEIRA;20241213;BERNARDO.OLIVEIRA;20241213
Juazeiro VIII;100% para Central Fotovoltaica Juazeiro Solar VIII SPE Ltda. (PIE);15201;20211112;UFV.RS.BA.044754-4.01;BERNARDO.OLIVEIRA;20241213;BERNARDO.OLIVEIRA;20241213
arinos 10;100% para USINA FOTOVOLTAICA ARINOS C 10 LTDA. (PIE);48118;;UFV.RS.MG.047306-5.01;BERNARDO.OLIVEIRA;20241213;BERNARDO.OLIVEIRA;20241213
Pirapora 9;100% para PIRAPORA IX ENERGIAS RENOVÁVEIS S.A. (PIE);31000;20170926;UFV.RS.MG.033192-9.01;BERNARDO.OLIVEIRA;20241213;BERNARDO.OLIVEIRA;20241213
Sertão Solar Barreiras XVI;100% para SERTAO SOLAR BARREIRAS XVI S.A. (PIE);50000;20240706;UFV.RS.BA.044512-6.01;BERNARDO.OLIVEIRA;20241213;BERNARDO.OLIVEIRA;20241213
Ituverava 6;100% para Enel Green Power Ituverava Sul Solar S.A (PIE);28000;20171223;UFV.RS.BA.032321-7.01;BERNARDO.OLIVEIRA;20241213;BERNARDO.OLIVEIRA;20241213
Serra do Mato III;100% para SERRA DO MATO III ENERGIA SOLAR S.A. (PIE);47362;20230526;UFV.RS.CE.044495-2.01;BERNARDO.OLIVEIRA;20241213;BERNARDO.OLIVEIRA;20241213
Sertão Solar Barreiras II;100% para Solar Barreiras II Energia SPE LTDA. (PIE);23660;20191129;UFV.RS.BA.033470-7.01;BERNARDO.OLIVEIRA;20241213;BERNARDO.OLIVEIRA;20241213
Ster Bom Filial Casquinho;100% para Ster Bom Ind. e Com. LTDA. (REG);553;20150515;UFV.RS.RN.053852-3.01;BERNARDO.OLIVEIRA;20241213;BERNARDO.OLIVEIRA;20241213
Pedranópolis 3;100% para USINA DE ENERGIA FOTOVOLTAICA PEDRANÓPOLIS S.A. (PIE);30000;20221110;UFV.RS.SP.034360-9.01;BERNARDO.OLIVEIRA;20241213;BERNARDO.OLIVEIRA;20241213
ETESA 19 São João do Piauí III;100% para CELEO SÃO JOÃO DO PIAUÍ FV III S.A. (PIE);32164;20200415;UFV.RS.PI.034787-6.01;BERNARDO.OLIVEIRA;20241213;BERNARDO.OLIVEIRA;20241213
Ape Brasão;100% para Brasão Oeste LTDA. (REG);400;20220610;UFV.RS.SC.071714-2.01;BERNARDO.OLIVEIRA;20241213;BERNARDO.OLIVEIRA;20241213
Francisco Sá 3;100% para FRANCISCO SÁ 3 ENERGIAS RENOVÁVEIS S.A. (PIE);33000;20220407;UFV.RS.MG.033238-0.01;BERNARDO.OLIVEIRA;20241213;BERNARDO.OLIVEIRA;20241213
Alex V;100% para Alex V Energia SPE S.A. (PIE);30933;20211030;UFV.RS.CE.035859-2.01;BERNARDO.OLIVEIRA;20241213;BERNARDO.OLIVEIRA;20241213
Usf-bernardo Alimentos;100% para Bernardo Alimentos Indústria e Comércio LTDA. (REG);1250;20210120;UFV.RS.RO.053687-3.01;BERNARDO.OLIVEIRA;20241213;BERNARDO.OLIVEIRA;20241213
Santa Luzia 2;100% para RIO ALTO UFV STL II SPE S/A (PIE);50000;;UFV.RS.PB.049686-3.01;BERNARDO.OLIVEIRA;20241213;BERNARDO.OLIVEIRA;20241213
Solar Salgueiro II;100% para SALGUEIRO II ENERGIAS RENOVÁVEIS S.A. (PIE);30000;20210708;UFV.RS.PE.034160-6.01;BERNARDO.OLIVEIRA;20241213;BERNARDO.OLIVEIRA;20241213
Marangatu 7;100% para MARANGATU 7 ENERGIAS RENOVAVEIS S.A. (PIE);30000;20240419;UFV.RS.PI.038349-0.01;BERNARDO.OLIVEIRA;20241213;BERNARDO.OLIVEIRA;20241213
Solar São Miguel;100% para CRELUZ - COOPERATIVA DE GERAÇÃO DE ENERGIA E DESENVOLVIMENTO (REG);561;20191120;UFV.RS.RS.046531-3.01;BERNARDO.OLIVEIRA;20241213;BERNARDO.OLIVEIRA;20241213
Jaíba CN;100% para Jaíba CN Energias Renováveis S.A. (PIE);40000;20240412;UFV.RS.MG.043147-8.01;BERNARDO.OLIVEIRA;20241213;BERNARDO.OLIVEIRA;20241213
Mendubim X;100% para SOL DE PONTA NEGRA ENERGIA LTDA (PIE);30580;20240217;UFV.RS.RN.037771-6.01;BERNARDO.OLIVEIRA;20241213;BERNARDO.OLIVEIRA;20241213
Janaúba 5;100% para Janaúba V Geração Solar Energia S.A. (PIE);50000;20221004;UFV.RS.MG.040861-1.01;BERNARDO.OLIVEIRA;20241213;BERNARDO.OLIVEIRA;20241213
Assuruá;100% para SPE ASSURUÁ GERADORA DE ENERGIA SOLAR S.A (PIE);30520;20180206;UFV.RS.BA.034120-7.01;BERNARDO.OLIVEIRA;20241213;BERNARDO.OLIVEIRA;20241213
São Pedro e Paulo V;100% para São Pedro e Paulo V Energia SPE S.A. (PIE);27496;20240518;UFV.RS.PE.034186-0.01;BERNARDO.OLIVEIRA;20241213;BERNARDO.OLIVEIRA;20241213
AC IX;100% para VALE S.A. (PIE);29622;20230215;UFV.RS.MG.037550-0.01;BERNARDO.OLIVEIRA;20241213;BERNARDO.OLIVEIRA;20241213
Apodi I;100% para APODI I ENERGIA SPE S/A (PIE);33000;20181128;UFV.RS.CE.033917-2.01;BERNARDO.OLIVEIRA;20241213;BERNARDO.OLIVEIRA;20241213
Sertão 1;100% para SERTÃO I SOLAR ENERGIA SPE S.A. (PIE);30000;20170909;UFV.RS.PI.034384-6.01;BERNARDO.OLIVEIRA;20241213;BERNARDO.OLIVEIRA;20241213
Guaimbé 3;100% para GUAIMBÉ III PARQUE SOLAR S.A. (PIE);30000;20181003;UFV.RS.SP.032328-4.01;BERNARDO.OLIVEIRA;20241213;BERNARDO.OLIVEIRA;20241213
Lar do Sol 6;100% para USINA DE ENERGIA FOTOVOLTAICA LAR DO SOL III S.A. (PIE);49500;20230412;UFV.RS.MG.037835-6.01;BERNARDO.OLIVEIRA;20241213;BERNARDO.OLIVEIRA;20241213
ETESA 21 São João do Piauí V;100% para CELEO SÃO JOÃO DO PIAUÍ FV V S.A. (PIE);28840;20200414;UFV.RS.PI.034789-2.01;BERNARDO.OLIVEIRA;20241213;BERNARDO.OLIVEIRA;20241213
Pirapora 3;100% para PIRAPORA III ENERGIAS RENOVÁVEIS S.A. (PIE);31000;20180504;UFV.RS.MG.033186-4.01;BERNARDO.OLIVEIRA;20241213;BERNARDO.OLIVEIRA;20241213
Futura 20;100% para SPE FUTURA 5 GERACAO E COMERCIALIZACAO DE ENERGIA SOLAR S.A. (PIE);31474.8;20230526;UFV.RS.BA.037498-9.01;BERNARDO.OLIVEIRA;20241213;BERNARDO.OLIVEIRA;20241213
Ituverava 7;100% para Enel Green Power Ituverava Sul Solar S.A (PIE);28000;20171229;UFV.RS.BA.032322-5.01;BERNARDO.OLIVEIRA;20241213;BERNARDO.OLIVEIRA;20241213
Terra do Sol VII;100% para SOL DO SERTÃO OB I ENERGIA SOLAR LTDA (PIE);54426;20211019;UFV.RS.BA.032053-6.01;BERNARDO.OLIVEIRA;20241213;BERNARDO.OLIVEIRA;20241213
Marangatu 2;100% para MARANGATU 2 ENERGIAS RENOVAVEIS S.A. (PIE);30000;20240419;UFV.RS.PI.037787-2.01;BERNARDO.OLIVEIRA;20241213;BERNARDO.OLIVEIRA;20241213
Panati 4;100% para PANATÍ 4 ENERGIAS RENOVÁVEIS S.A. (PIE);30000;20240125;UFV.RS.CE.038393-7.01;BERNARDO.OLIVEIRA;20241213;BERNARDO.OLIVEIRA;20241213
Solar Boa Vista;100% para CRELUZ - COOPERATIVA DE GERAÇÃO DE ENERGIA E DESENVOLVIMENTO (REG);729;20200201;UFV.RS.RS.046252-7.01;BERNARDO.OLIVEIRA;20241213;BERNARDO.OLIVEIRA;20241213
Serra do Mel VI (Antiga Serra do Mel VIII);100% para SOL SERRA DO MEL VI SPE S.A (PIE);48118;20231011;UFV.RS.RN.047423-1.01;BERNARDO.OLIVEIRA;20241213;BERNARDO.OLIVEIRA;20241213
Lavras 4;100% para LAVRAS 4 SOLAR ENERGIAS RENOVÁVEIS S.A. (PIE);27000;20220729;UFV.RS.CE.037868-2.01;BERNARDO.OLIVEIRA;20241213;BERNARDO.OLIVEIRA;20241213
Boa Sorte 5;100% para CENTRAL FOTOVOLTAICA BOA SORTE 5 SPE LTDA (PIE);44100;20240301;UFV.RS.MG.049188-8.01;BERNARDO.OLIVEIRA;20241213;BERNARDO.OLIVEIRA;20241213
Jaíba L1;100% para Jaíba L1 Energias Renováveis S.A. (PIE);40000;20240813;UFV.RS.MG.043163-0.01;BERNARDO.OLIVEIRA;20241213;BERNARDO.OLIVEIRA;20241213
Coremas VIII;100% para Coremas VIII Geração de Energia SPE Ltda. (PIE);27000;20220830;UFV.RS.PB.037916-6.01;BERNARDO.OLIVEIRA;20241213;BERNARDO.OLIVEIRA;20241213
Faculdade Cathedral;100% para FACULDADE CATHEDRAL DE ENSINO SUPERIOR DE BARRA DO GARÇAS (REG);225;20230317;UFV.RS.MT.072059-3.01;BERNARDO.OLIVEIRA;20241213;BERNARDO.OLIVEIRA;20241213
Nova Olinda 8;100% para Nova Olinda Norte Solar S.A. (PIE);30000;20171209;UFV.RS.PI.033127-9.01;BERNARDO.OLIVEIRA;20241213;BERNARDO.OLIVEIRA;20241213
Perola Av Brasil;100% para Pérola Distribuição e Logística S.A. (REG);300;20220428;UFV.RS.GO.071734-7.01;BERNARDO.OLIVEIRA;20241213;BERNARDO.OLIVEIRA;20241213
Sol Maior 2;100% para SOL MAIOR GERADORA DE ENERGIA S.A. (PIE);3114;20190206;UFV.RS.TO.033608-4.01;BERNARDO.OLIVEIRA;20241213;BERNARDO.OLIVEIRA;20241213
H Bremer & Filhos;100% para H Bremer &amp Filhos LTDA. (REG);675;20220506;UFV.RS.SC.064476-5.01;BERNARDO.OLIVEIRA;20241213;BERNARDO.OLIVEIRA;20241213
Hélio Valgas 6;100% para GERADORA SOLAR HELIO VALGAS III S.A. (PIE);50000;20230805;UFV.RS.MG.042996-1.01;BERNARDO.OLIVEIRA;20241213;BERNARDO.OLIVEIRA;20241213
Alex IV;100% para Alex IV Energia SPE S.A. (PIE);30933;20211030;UFV.RS.CE.035884-3.01;BERNARDO.OLIVEIRA;20241213;BERNARDO.OLIVEIRA;20241213
Mendubim V;100% para SOL DE SÃO MIGUEL DO GOSTOSO ENERGIA LTDA (PIE);22240;20240208;UFV.RS.RN.037753-8.01;BERNARDO.OLIVEIRA;20241213;BERNARDO.OLIVEIRA;20241213
Floresta II;100% para ENGIE SOLAR FLORESTA II GERAÇÃO CENTRALIZADA SPE S.A (PIE);32000;20171223;UFV.RS.RN.034309-9.01;BERNARDO.OLIVEIRA;20241213;BERNARDO.OLIVEIRA;20241213
São João 3;100% para GERADORA SOLAR SAO JOAO PARACATU I S.A. (PIE);30000;20231129;UFV.RS.MG.047283-2.01;BERNARDO.OLIVEIRA;20241213;BERNARDO.OLIVEIRA;20241213
Janaúba 1;100% para Janaúba I Geração Solar Energia S.A. (PIE);50000;20220730;UFV.RS.MG.040857-3.01;BERNARDO.OLIVEIRA;20241213;BERNARDO.OLIVEIRA;20241213
Pirapora 10;100% para PIRAPORA X ENERGIAS RENOVÁVEIS S.A. (PIE);31000;20170926;UFV.RS.MG.033193-7.01;BERNARDO.OLIVEIRA;20241213;BERNARDO.OLIVEIRA;20241213
Tanquinho;100% para SPE CPFL Solar 1 Energia S.A. (REG);1082;;UFV.RS.SP.030977-0.01;BERNARDO.OLIVEIRA;20241213;BERNARDO.OLIVEIRA;20241213
AC III;100% para VALE S.A. (PIE);39496;20230107;UFV.RS.MG.037403-2.01;BERNARDO.OLIVEIRA;20241213;BERNARDO.OLIVEIRA;20241213
São Gonçalo 3;100% para Enel Green Power São Gonçalo 3 S.A. (PIE);45680;20200402;UFV.RS.PI.033843-5.01;BERNARDO.OLIVEIRA;20241213;BERNARDO.OLIVEIRA;20241213
Panati 2;100% para PANATÍ 2 ENERGIAS RENOVÁVEIS S.A. (PIE);30000;20240125;UFV.RS.CE.038390-2.01;BERNARDO.OLIVEIRA;20241213;BERNARDO.OLIVEIRA;20241213
AC XXII;100% para VALE S.A. (PIE);39496;20230103;UFV.RS.MG.037633-7.01;BERNARDO.OLIVEIRA;20241213;BERNARDO.OLIVEIRA;20241213
Monte Verde Solar IV;100% para Central Geradora Fotovoltaica Monte Verde Solar IV S.A. (PIE);42471.13;20240622;UFV.RS.RN.045156-8.01;BERNARDO.OLIVEIRA;20241213;BERNARDO.OLIVEIRA;20241213
Lavras 2;100% para LAVRAS 2 SOLAR ENERGIAS RENOVÁVEIS S.A. (PIE);27000;20220729;UFV.RS.CE.037866-6.01;BERNARDO.OLIVEIRA;20241213;BERNARDO.OLIVEIRA;20241213
São Gonçalo 6;100% para ENEL GREEN POWER SÃO GONÇALO 6 S.A. (PIE);45680;20201014;UFV.RS.PI.033846-0.01;BERNARDO.OLIVEIRA;20241213;BERNARDO.OLIVEIRA;20241213
Futura 15;100% para SPE FUTURA 4 GERACAO E COMERCIALIZACAO DE ENERGIA SOLAR S.A. (PIE);31474.8;20230526;UFV.RS.BA.037493-8.01;BERNARDO.OLIVEIRA;20241213;BERNARDO.OLIVEIRA;20241213
Belmonte 2-1;100% para Belmonte II Parque Solar S.A. (PIE);50000;20231025;UFV.RS.PE.040735-6.01;BERNARDO.OLIVEIRA;20241213;BERNARDO.OLIVEIRA;20241213
Calcário Tangará;100% para Calcário Tangara Industria e Comercio LTDA. (REG);1800;20220405;UFV.RS.MT.064468-4.01;BERNARDO.OLIVEIRA;20241213;BERNARDO.OLIVEIRA;20241213
Sol do Sertão XII;100% para SOL DO SERTÃO OB II ENERGIA SOLAR LTDA (PIE);54426;20211016;UFV.RS.BA.032050-1.01;BERNARDO.OLIVEIRA;20241213;BERNARDO.OLIVEIRA;20241213
Sol do Sertão XXXV;100% para SOL DO SERTÃO OB III ENERGIA SOLAR LTDA (PIE);27213;20210821;UFV.RS.BA.032049-8.01;BERNARDO.OLIVEIRA;20241213;BERNARDO.OLIVEIRA;20241213
Caldeirão grande IV;100% para CENTRAL GERADORA SOLAR COQUEIRAL S/A (PIE);27496;20230218;UFV.RS.PI.031691-1.02;BERNARDO.OLIVEIRA;20241213;BERNARDO.OLIVEIRA;20241213
Hélio Valgas 4;100% para GERADORA SOLAR HELIO VALGAS II S.A. (PIE);50000;20230809;UFV.RS.MG.042994-5.01;BERNARDO.OLIVEIRA;20241213;BERNARDO.OLIVEIRA;20241213
Paracatu 1;100% para ENGIE SOLAR PARACATU I GERAÇÃO CENTRALIZADA SPE S.A. (PIE);33000;20190109;UFV.RS.MG.033999-7.01;BERNARDO.OLIVEIRA;20241213;BERNARDO.OLIVEIRA;20241213
Arinos 17;100% para Usina Fotovoltaica Arinos E 17 Ltda. (PIE);47945;20240723;UFV.RS.MG.047313-8.01;BERNARDO.OLIVEIRA;20241213;BERNARDO.OLIVEIRA;20241213
Ita 02;100% para Multiplan Empreendimentos Imobiliários S.A. (REG);3250;20190309;UFV.RS.MG.043268-7.01;BERNARDO.OLIVEIRA;20241213;BERNARDO.OLIVEIRA;20241213
Rede Zeferino Itapira;100% para REDE DE DISTRIBUICAO ZEFERINO LTDA (REG);400;20220510;UFV.RS.SP.070586-1.01;BERNARDO.OLIVEIRA;20241213;BERNARDO.OLIVEIRA;20241213
Jaíba SE2;100% para Jaíba SE2 Energias Renováveis S.A. (PIE);40000;20240727;UFV.RS.MG.043155-9.01;BERNARDO.OLIVEIRA;20241213;BERNARDO.OLIVEIRA;20241213
Futura 6;100% para SPE FUTURA 2 GERACAO E COMERCIALIZACAO DE ENERGIA SOLAR S.A. (PIE);31474.8;20230526;UFV.RS.BA.037484-9.01;BERNARDO.OLIVEIRA;20241213;BERNARDO.OLIVEIRA;20241213
Nova Olinda 10;100% para Nova  Olinda B Solar S.A. (PIE);30000;20171209;UFV.RS.PI.033129-5.01;BERNARDO.OLIVEIRA;20241213;BERNARDO.OLIVEIRA;20241213
Vitoria Stone;100% para VITORIA STONE INDUSTRIA E COMERCIO S/A (REG);757.9;20220101;UFV.RS.ES.043225-3.01;BERNARDO.OLIVEIRA;20241213;BERNARDO.OLIVEIRA;20241213
Ribeiro Gonçalves VI;100% para RIBEIRO GONCALVES SOLAR VI S.A. (PIE);36993;20240523;UFV.RS.PI.041909-5.01;BERNARDO.OLIVEIRA;20241213;BERNARDO.OLIVEIRA;20241213
Ape Roda Forte;100% para Roda Forte Industria e Comercio de Componentes Agrícolas LTDA. (REG);275;20191113;UFV.RS.RS.071626-0.01;BERNARDO.OLIVEIRA;20241213;BERNARDO.OLIVEIRA;20241213
Água Vermelha IV;100% para AGV SOLAR IV GERADORA DE ENERGIA S.A. (PIE);15200;20191129;UFV.RS.SP.034206-8.01;BERNARDO.OLIVEIRA;20241213;BERNARDO.OLIVEIRA;20241213
Coremas IV;100% para Coremas IV Geração de Energia SPE Ltda. (PIE);27000;20220902;UFV.RS.PB.032843-0.01;BERNARDO.OLIVEIRA;20241213;BERNARDO.OLIVEIRA;20241213
Josidith Leopoldo de Bulhoes;100% para AJL - Agronegócio Josidith LTDA. (REG);750;20201119;UFV.RS.GO.061525-
0.01;BERNARDO.OLIVEIRA;20241213;BERNARDO.OLIVEIRA;20241213
Cherta - Industria de Alimentos;100% para Cherta - Industria de Alimentos LTDA. (REG);1000;20201225;UFV.RS.PI.068301-9.01;BERNARDO.OLIVEIRA;20241213;BERNARDO.OLIVEIRA;20241213
Francisco Sá 1;100% para FRANCISCO SÁ 1 ENERGIAS RENOVÁVEIS S.A. (PIE);33000;20220407;UFV.RS.MG.033236-4.01;BERNARDO.OLIVEIRA;20241213;BERNARDO.OLIVEIRA;20241213
Alex III;100% para Alex III Energia SPE S.A. (PIE);30933;20211030;UFV.RS.CE.035883-5.01;BERNARDO.OLIVEIRA;20241213;BERNARDO.OLIVEIRA;20241213
São Gonçalo 18;100% para ENEL GREEN POWER SÃO GONÇALO 18 S.A. (PIE);43040;20220401;UFV.RS.PI.037585-3.01;BERNARDO.OLIVEIRA;20241213;BERNARDO.OLIVEIRA;20241213
Rio do Peixe I;100% para ENERGISA GERACAO CENTRAL SOLAR RIO DO PEIXE I S/A. (PIE);34400;20220831;UFV.RS.PB.043210-5.01;BERNARDO.OLIVEIRA;20241213;BERNARDO.OLIVEIRA;20241213
Jaíba 4;100% para JAÍBA 4 ENERGIAS RENOVÁVEIS S.A. (PIE);33000;20210831;UFV.RS.MG.034394-3.01;BERNARDO.OLIVEIRA;20241213;BERNARDO.OLIVEIRA;20241213
São Gonçalo 10;100% para Enel Green Power São Gonçalo 10 S.A. (PIE);50000;20200501;UFV.RS.PI.037577-2.01;BERNARDO.OLIVEIRA;20241213;BERNARDO.OLIVEIRA;20241213
Xaxado 3;100% para CIRANDA 6 ENERGIAS RENOVAVEIS S.A. (PIE);32000.06;20230415;UFV.RS.PE.034407-9.01;BERNARDO.OLIVEIRA;20241213;BERNARDO.OLIVEIRA;20241213
AC XVII;100% para VALE S.A. (PIE);49370;20230606;UFV.RS.MG.037628-0.01;BERNARDO.OLIVEIRA;20241213;BERNARDO.OLIVEIRA;20241213
Bom Jesus da Lapa I;100% para Bom Jesus da Lapa Solar S.A. (PIE);30000;20170630;UFV.RS.BA.032892-8.01;BERNARDO.OLIVEIRA;20241213;BERNARDO.OLIVEIRA;20241213
Jaíba SE1;100% para JAIBA SE1 ENERGIAS RENOVAVEIS S.A (PIE);40000;20230602;UFV.RS.MG.043162-1.01;BERNARDO.OLIVEIRA;20241213;BERNARDO.OLIVEIRA;20241213
Brigida 2;100% para BRIGIDA 2 SOLAR SPE LTDA (PIE);31500;20210626;UFV.RS.PE.034234-3.01;BERNARDO.OLIVEIRA;20241213;BERNARDO.OLIVEIRA;20241213
Futura 10;100% para SPE FUTURA 3 GERACAO E COMERCIALIZACAO DE ENERGIA SOLAR S.A. (PIE);31474.8;20230526;UFV.RS.BA.037488-1.01;BERNARDO.OLIVEIRA;20241213;BERNARDO.OLIVEIRA;20241213
Nova Olinda 14;100% para Nova Olinda Sul Solar S.A. (PIE);30000;20171209;UFV.RS.PI.033133-3.01;BERNARDO.OLIVEIRA;20241213;BERNARDO.OLIVEIRA;20241213
Polpa Ideal Ii;100% para Industria de Polpa de Frutas Ideal LTDA (REG);226.4;20201228;UFV.RS.PB.050792-0.01;BERNARDO.OLIVEIRA;20241213;BERNARDO.OLIVEIRA;20241213
FCR III Itapuranga;100% para FCR VII Usina de Energia Fotovoltaica S.A. (PIE);9125;20190918;UFV.RS.MG.032323-3.02;BERNARDO.OLIVEIRA;20241213;BERNARDO.OLIVEIRA;20241213
Venosan;100% para VENOSAN BRASIL LTDA (REG);516;20210104;UFV.RS.PE.051965-0.01;BERNARDO.OLIVEIRA;20241213;BERNARDO.OLIVEIRA;20241213
Sertão Solar Barreiras XV;100% para SERTAO SOLAR BARREIRAS XV S.A. (PIE);50000;20240727;UFV.RS.BA.044511-8.01;BERNARDO.OLIVEIRA;20241213;BERNARDO.OLIVEIRA;20241213
Lapa 3;100% para Nova Lapa Solar S.A. (PIE);30000;20170630;UFV.RS.BA.034333-1.01;BERNARDO.OLIVEIRA;20241213;BERNARDO.OLIVEIRA;20241213
Dunamis I;100% para Dunamis Projetos De Energia Fotovoltaica SPE LTDA. (PIE);29385;;UFV.RS.RN.045016-2.01;BERNARDO.OLIVEIRA;20241213;BERNARDO.OLIVEIRA;20241213
Janaúba 9;100% para Janaúba IX Geração Solar Energia S.A. (PIE);50000;20220823;UFV.RS.MG.040865-4.01;BERNARDO.OLIVEIRA;20241213;BERNARDO.OLIVEIRA;20241213
Arinos 12;100% para Usina Fotovoltaica Arinos E 12 Ltda. (PIE);46870;20240430;UFV.RS.MG.047308-1.01;BERNARDO.OLIVEIRA;20241213;BERNARDO.OLIVEIRA;20241213
Vazante 1;100% para Vazante I Energias Renováveis S.A. (PIE);27000;20171216;UFV.RS.MG.032339-0.01;BERNARDO.OLIVEIRA;20241213;BERNARDO.OLIVEIRA;20241213
Jaíba C;100% para Jaíba C Energias Renováveis S.A. (PIE);40000;20240329;UFV.RS.MG.043150-8.01;BERNARDO.OLIVEIRA;20241213;BERNARDO.OLIVEIRA;20241213
Jusante 1;100% para MART MINAS DISTRIBUICAO LTDA (APE);10000;20241030;UFV.RS.MG.050784-9.1;BERNARDO.OLIVEIRA;20241213;BERNARDO.OLIVEIRA;20241213
Sertão Solar Barreiras IV;100% para Solar Barreiras IV Energia SPE LTDA. (PIE);23660;20191129;UFV.RS.BA.033473-1.01;BERNARDO.OLIVEIRA;20241213;BERNARDO.OLIVEIRA;20241213
Milagres I;100% para LIGHTSOURCE MILAGRES I GERAÇÃO DE ENERGIA LTDA (PIE);32740;20231219;UFV.RS.CE.044573-8.01;BERNARDO.OLIVEIRA;20241213;BERNARDO.OLIVEIRA;20241213
Kapa Zero;100% para CÉSAR CASSOL ENERGIA E CALCÁRIO LTDA (REG);2000;20231117;UFV.RS.RO.072139-5.01;BERNARDO.OLIVEIRA;20241213;BERNARDO.OLIVEIRA;20241213
Janaúba 16;95% para TELEFONICA BRASIL S.A. (APE) 5% para SANTO AFONSO ENERGETICA S.A.. (APE);50000;20230310;UFV.RS.MG.040872-7.01;BERNARDO.OLIVEIRA;20241213;BERNARDO.OLIVEIRA;20241213
Ribeiro Gonçalves IV;100% para RIBEIRO GONCALVES SOLAR IV S.A. (PIE);20691;20240523;UFV.RS.PI.041907-9.01;BERNARDO.OLIVEIRA;20241213;BERNARDO.OLIVEIRA;20241213
Apodi III;100% para APODI III ENERGIA SPE S/A (PIE);33000;20181128;UFV.RS.CE.033919-9.01;BERNARDO.OLIVEIRA;20241213;BERNARDO.OLIVEIRA;20241213
Copacel;100% para COPACEL INDUSTRIA E COMERCIO DE CALCARIO E CEREAIS LTDA (REG);960;20210301;UFV.RS.MT.051961-8.01;BERNARDO.OLIVEIRA;20241213;BERNARDO.OLIVEIRA;20241213
Jaíba NE3;100% para Jaíba NE3 Energias Renováveis S.A. (PIE);40000;20240920;UFV.RS.MG.043157-5.01;BERNARDO.OLIVEIRA;20241213;BERNARDO.OLIVEIRA;20241213
Dual PP;100% para Dual Duarte Albuquerque Comercio e Industria LTDA (REG);1500;20210910;UFV.RS.MT.060664-2.01;BERNARDO.OLIVEIRA;20241213;BERNARDO.OLIVEIRA;20241213
Nova Olinda 12;100% para Nova  Olinda C Solar S.A. (PIE);30000;20171209;UFV.RS.PI.033131-7.01;BERNARDO.OLIVEIRA;20241213;BERNARDO.OLIVEIRA;20241213
Nicchio Sobrinho;100% para Nicchio Sobrinho Café S.A. (REG);459.98;20221201;UFV.RS.ES.071334-1.01;BERNARDO.OLIVEIRA;20241213;BERNARDO.OLIVEIRA;20241213
Sol do Sertão XIII;100% para SOL DO SERTÃO OB III ENERGIA SOLAR LTDA (PIE);74836;20210821;UFV.RS.BA.032052-8.01;BERNARDO.OLIVEIRA;20241213;BERNARDO.OLIVEIRA;20241213
Pirapora 5;100% para PIRAPORA V ENERGIAS RENOVÁVEIS S.A. (PIE);31000;20170926;UFV.RS.MG.033188-0.01;BERNARDO.OLIVEIRA;20241213;BERNARDO.OLIVEIRA;20241213
Futura 22;100% para SPE FUTURA 6 GERACAO E COMERCIALIZACAO DE ENERGIA SOLAR S.A. (PIE);31474.8;20230526;UFV.RS.BA.037500-4.01;BERNARDO.OLIVEIRA;20241213;BERNARDO.OLIVEIRA;20241213
AC VIII;100% para VALE S.A. (PIE);39496;20230103;UFV.RS.MG.037549-7.01;BERNARDO.OLIVEIRA;20241213;BERNARDO.OLIVEIRA;20241213
Mendubim XII;100% para SOL DE BARRA DO CUNHAÚ ENERGIA LTDA (PIE);22240;20240208;UFV.RS.RN.037773-2.01;BERNARDO.OLIVEIRA;20241213;BERNARDO.OLIVEIRA;20241213
Marvi Solar;100% para INDUSTRIAL E COMERCIAL MARVI LTDA (REG);1400;20211221;UFV.RS.SP.066069-8.01;BERNARDO.OLIVEIRA;20241213;BERNARDO.OLIVEIRA;20241213
Janaúba 7;100% para Janaúba VII Geração Solar Energia S.A. (PIE);50000;20220922;UFV.RS.MG.040863-8.01;BERNARDO.OLIVEIRA;20241213;BERNARDO.OLIVEIRA;20241213
BJL 4;100% para BJL4 SOLAR S.A. (PIE);20000;20181207;UFV.RS.BA.034158-4.01;BERNARDO.OLIVEIRA;20241213;BERNARDO.OLIVEIRA;20241213
Futura 5;100% para SPE FUTURA 2 GERACAO E COMERCIALIZACAO DE ENERGIA SOLAR S.A. (PIE);31474.8;20230526;UFV.RS.BA.037483-0.01;BERNARDO.OLIVEIRA;20241213;BERNARDO.OLIVEIRA;20241213
Xaxado 1;100% para CIRANDA 4 ENERGIAS RENOVAVEIS S.A. (PIE);32000.06;20230401;UFV.RS.PE.034405-2.01;BERNARDO.OLIVEIRA;20241213;BERNARDO.OLIVEIRA;20241213
Machadinho;100% para ENERGIAS DE MACHADINHO I SPE LTDA (PIE);5300;20220614;UFV.RS.RO.056130-4.01;BERNARDO.OLIVEIRA;20241213;BERNARDO.OLIVEIRA;20241213
Boa Sorte 7;100% para CENTRAL FOTOVOLTAICA BOA SORTE 7 SPE LTDA (PIE);44100;20240313;UFV.RS.MG.049190-0.01;BERNARDO.OLIVEIRA;20241213;BERNARDO.OLIVEIRA;20241213
Belmonte 2-5;100% para BELMONTE 2.5 PARQUE SOLAR S.A (PIE);50000;20231122;UFV.RS.PE.040739-9.01;BERNARDO.OLIVEIRA;20241213;BERNARDO.OLIVEIRA;20241213
Araxá 2;100% para USINA DE ENERGIA FOTOVOLTAICA ARAXA S.A. (PIE);45000;20230228;UFV.RS.MG.040852-2.01;BERNARDO.OLIVEIRA;20241213;BERNARDO.OLIVEIRA;20241213
Juazeiro V;100% para Central Fotovoltaica Juazeiro Solar V SPE Ltda. (PIE);47292;20211028;UFV.RS.BA.043284-9.01;BERNARDO.OLIVEIRA;20241213;BERNARDO.OLIVEIRA;20241213
São João 7;100% para GERADORA SOLAR SAO JOAO PARACATU II S.A. (PIE);30000;20231129;UFV.RS.MG.047287-5.01;BERNARDO.OLIVEIRA;20241213;BERNARDO.OLIVEIRA;20241213
Hélio Valgas 8;100% para GERADORA SOLAR HELIO VALGAS IV S.A. (PIE);50000;20230810;UFV.RS.MG.042998-8.01;BERNARDO.OLIVEIRA;20241213;BERNARDO.OLIVEIRA;20241213
São Gonçalo 7;100% para ENEL GREEN POWER SÃO GONÇALO 07 S.A (PIE);34542;20201211;UFV.RS.PI.033847-8.01;BERNARDO.OLIVEIRA;20241213;BERNARDO.OLIVEIRA;20241213
Ituverava 2;100% para Enel Green Power Ituverava Norte Solar S.A. (PIE);28000;20171128;UFV.RS.BA.032317-9.01;BERNARDO.OLIVEIRA;20241213;BERNARDO.OLIVEIRA;20241213
Panati 6;100% para PANATÍ 6 ENERGIAS RENOVÁVEIS S.A. (PIE);30000;20240202;UFV.RS.CE.038395-3.01;BERNARDO.OLIVEIRA;20241213;BERNARDO.OLIVEIRA;20241213
Serra do Mel IV (Antiga Serra do Mel X);100% para SOL SERRA DO MEL IV SPE S.A (PIE);48118;20230815;UFV.RS.RN.047425-8.01;BERNARDO.OLIVEIRA;20241213;BERNARDO.OLIVEIRA;20241213
AC VI;100% para VALE S.A. (PIE);39496;20230103;UFV.RS.MG.037405-9.01;BERNARDO.OLIVEIRA;20241213;BERNARDO.OLIVEIRA;20241213
Terra do Sol XI;100% para SOL DO SERTÃO OB I ENERGIA SOLAR LTDA (PIE);47622;20210821;UFV.RS.BA.032059-5.01;BERNARDO.OLIVEIRA;20241213;BERNARDO.OLIVEIRA;20241213
Novo Oriente V;100% para CENTRAL SOLAR NOVO ORIENTE V S.A. (PIE);46052.71;20240829;UFV.RS.SP.049339-2.01;BERNARDO.OLIVEIRA;20241213;BERNARDO.OLIVEIRA;20241213
Jaíba L2;100% para Jaíba L2 Energias Renováveis S.A. (PIE);20000;20240806;UFV.RS.MG.043152-4.01;BERNARDO.OLIVEIRA;20241213;BERNARDO.OLIVEIRA;20241213
Juazeiro Solar IV;100% para CENTRAL FOTOVOLTAICA JUAZEIRO SOLAR IV SPE LTDA (PIE);30000;20181219;UFV.RS.BA.033931-8.01;BERNARDO.OLIVEIRA;20241213;BERNARDO.OLIVEIRA;20241213
Futura 3;100% para SPE FUTURA 1 GERACAO E COMERCIALIZACAO DE ENERGIA SOLAR S.A. (PIE);31474.8;20230526;UFV.RS.BA.037481-4.01;BERNARDO.OLIVEIRA;20241213;BERNARDO.OLIVEIRA;20241213
Ribeiro Gonçalves II;100% para RIBEIRO GONCALVES SOLAR II S.A. (PIE);40755;20240523;UFV.RS.PI.041905-2.01;BERNARDO.OLIVEIRA;20241213;BERNARDO.OLIVEIRA;20241213
Milagres III;100% para LIGHTSOURCE MILAGRES III GERAÇÃO DE ENERGIA LTDA (PIE);32740;20231220;UFV.RS.CE.044575-4.01;BERNARDO.OLIVEIRA;20241213;BERNARDO.OLIVEIRA;20241213
Futura 17;100% para SPE FUTURA 4 GERACAO E COMERCIALIZACAO DE ENERGIA SOLAR S.A. (PIE);31474.8;20230526;UFV.RS.BA.037495-4.01;BERNARDO.OLIVEIRA;20241213;BERNARDO.OLIVEIRA;20241213
Belmonte 2-3;55% para BELMONTE SOLAR HOLDING S.A (PIE) 25% para ORGANIZACAO VERDEMAR LTDA (PIE) 25% para ORGANIZA;50000;20231026;UFV.RS.PE.040737-2.01;BERNARDO.OLIVEIRA;20241213;BERNARDO.OLIVEIRA;20241213
Mendubim VII;100% para SOL DE ZUMBI ENERGIA LTDA (PIE);36140;20240208;UFV.RS.RN.037755-4.01;BERNARDO.OLIVEIRA;20241213;BERNARDO.OLIVEIRA;20241213
São João 5;100% para GERADORA SOLAR SAO JOAO PARACATU II S.A. (PIE);30000;20231129;UFV.RS.MG.047285-9.01;BERNARDO.OLIVEIRA;20241213;BERNARDO.OLIVEIRA;20241213
Janaúba 2;100% para Janaúba II Geração Solar Energia S.A. (PIE);50000;20220810;UFV.RS.MG.040858-1.01;BERNARDO.OLIVEIRA;20241213;BERNARDO.OLIVEIRA;20241213
Santa Luzia VII;100% para RIO ALTO UFV STL VII SPE S/A (PIE);50000;20240402;UFV.RS.PB.049691-0.01;BERNARDO.OLIVEIRA;20241213;BERNARDO.OLIVEIRA;20241213
Lavras 1;100% para LAVRAS 1 SOLAR ENERGIAS RENOVÁVEIS S.A. (PIE);27000;20220729;UFV.RS.CE.037865-8.01;BERNARDO.OLIVEIRA;20241213;BERNARDO.OLIVEIRA;20241213
Boa Sorte 2;100% para CENTRAL FOTOVOLTAICA BOA SORTE 2 SPE LTDA. (PIE);44100;20240227;UFV.RS.MG.049185-3.01;BERNARDO.OLIVEIRA;20241213;BERNARDO.OLIVEIRA;20241213
São Gonçalo 5;100% para ENEL GREEN POWER SÃO GONÇALO 5 S.A. (PIE);50000;20201014;UFV.RS.PI.033845-1.01;BERNARDO.OLIVEIRA;20241213;BERNARDO.OLIVEIRA;20241213
Lar do Sol 3;100% para USINA DE ENERGIA FOTOVOLTAICA LAR DO SOL I S.A. (PIE);49500;20230314;UFV.RS.MG.037832-1.01;BERNARDO.OLIVEIRA;20241213;BERNARDO.OLIVEIRA;20241213
Floresta I;100% para ENGIE SOLAR FLORESTA I GERAÇÃO CENTRALIZADA SPE S.A (PIE);32000;20171223;UFV.RS.RN.034310-2.01;BERNARDO.OLIVEIRA;20241213;BERNARDO.OLIVEIRA;20241213
ETESA 17 São João do Piauí I;100% para CELEO SÃO JOÃO DO PIAUÍ FV I S.A. (PIE);32164;20200415;UFV.RS.PI.034785-0.01;BERNARDO.OLIVEIRA;20241213;BERNARDO.OLIVEIRA;20241213
CTR Randon;50% para CENTRO TECNOLÓGICO RANDON LTDA (REG) 50% para RANDON S/A IMPLEMENTOS E PARTICIPAÇÕES (RE;1000;20230630;UFV.RS.RS.072136-0.01;BERNARDO.OLIVEIRA;20241213;BERNARDO.OLIVEIRA;20241213
Água Vermelha VI;100% para AGV Solar VI Geradora de Energia S.A. (PIE);30400;20191129;UFV.RS.SP.034208-4.01;BERNARDO.OLIVEIRA;20241213;BERNARDO.OLIVEIRA;20241213
Hélio Valgas 3;100% para GERADORA SOLAR HELIO VALGAS II S.A. (PIE);50000;20230819;UFV.RS.MG.042993-7.01;BERNARDO.OLIVEIRA;20241213;BERNARDO.OLIVEIRA;20241213
Ita 01;100% para Multiplan Empreendimentos Imobiliários S.A. (REG);3375;20190309;UFV.RS.MG.043223-7.01;BERNARDO.OLIVEIRA;20241213;BERNARDO.OLIVEIRA;20241213
São Gonçalo 15;100% para ENEL GREEN POWER SÃO GONÇALO 15 S.A. (PIE);43032;20220325;UFV.RS.PI.037582-9.01;BERNARDO.OLIVEIRA;20241213;BERNARDO.OLIVEIRA;20241213
Marangatu 5;100% para MARANGATU 5 ENERGIAS RENOVAVEIS S.A. (PIE);30000;20240419;UFV.RS.PI.037784-8.01;BERNARDO.OLIVEIRA;20241213;BERNARDO.OLIVEIRA;20241213
Panati 1;100% para PANATÍ 1 ENERGIAS RENOVÁVEIS S.A. (PIE);30000;20240125;UFV.RS.CE.038389-9.01;BERNARDO.OLIVEIRA;20241213;BERNARDO.OLIVEIRA;20241213
Paracatu 3;100% para ENGIE SOLAR PARACATU III GERAÇÃO CENTRALIZADA SPE S.A. (PIE);33000;20190109;UFV.RS.MG.033990-3.01;BERNARDO.OLIVEIRA;20241213;BERNARDO.OLIVEIRA;20241213
Guimarania 1;100% para GUIMARANIA I SOLAR SPE S.A. (PIE);32550;20181212;UFV.RS.MG.034073-1.01;BERNARDO.OLIVEIRA;20241213;BERNARDO.OLIVEIRA;20241213
Solar Salgueiro;100% para SALGUEIRO I ENERGIAS RENOVÁVEIS S.A. (PIE);30000;20210708;UFV.RS.PE.033606-8.01;BERNARDO.OLIVEIRA;20241213;BERNARDO.OLIVEIRA;20241213
Água Vermelha VII;100% para AGV SOLAR VII GERADORA DE ENERGIA S.A. (PIE);33210;20240730;UFV.RS.SP.046922-0.1;BERNARDO.OLIVEIRA;20241213;BERNARDO.OLIVEIRA;20241213
Alex VII;100% para Alex VII Energia SPE S.A (PIE);30933;20211030;UFV.RS.CE.035861-4.01;BERNARDO.OLIVEIRA;20241213;BERNARDO.OLIVEIRA;20241213
Horizonte MP 1;100% para Enel Green Power Horizonte MP Solar S.A. (PIE);29400;20180317;UFV.RS.BA.033757-9.01;BERNARDO.OLIVEIRA;20241213;BERNARDO.OLIVEIRA;20241213
Santa Luzia 4;100% para RIO ALTO UFV STL IV SPE S/A (PIE);50000;20240402;UFV.RS.PB.049688-0.01;BERNARDO.OLIVEIRA;20241213;BERNARDO.OLIVEIRA;20241213
Marangatu 9;100% para MARANGATU 9 ENERGIAS RENOVAVEIS S.A. (PIE);30000;20240419;UFV.RS.PI.038351-1.01;BERNARDO.OLIVEIRA;20241213;BERNARDO.OLIVEIRA;20241213
Futura 12;100% para SPE FUTURA 3 GERACAO E COMERCIALIZACAO DE ENERGIA SOLAR S.A. (PIE);31474.8;20230526;UFV.RS.BA.037490-3.01;BERNARDO.OLIVEIRA;20241213;BERNARDO.OLIVEIRA;20241213
Belmonte 1-2;100% para Belmonte I Parque Solar S.A. (PIE);50000;20231205;UFV.RS.PE.040726-7.01;BERNARDO.OLIVEIRA;20241213;BERNARDO.OLIVEIRA;20241213
Dracena 4;100% para DRACENA IV PARQUE SOLAR S.A. (PIE);27000;20190824;UFV.RS.SP.032315-2.01;BERNARDO.OLIVEIRA;20241213;BERNARDO.OLIVEIRA;20241213
Solatio Várzea 4;100% para GERADORA SOLAR VARZEA II SA (PIE);45000;20240615;UFV.RS.MG.045072-3.01;BERNARDO.OLIVEIRA;20241213;BERNARDO.OLIVEIRA;20241213
Coremas V;100% para Coremas V Geração de Energia SPE Ltda. (PIE);27000;20220824;UFV.RS.PB.032888-0.01;BERNARDO.OLIVEIRA;20241213;BERNARDO.OLIVEIRA;20241213
Pereira Barreto III;100% para CENTRAL SOLAR PEREIRA BARRETO III S.A. (PIE);41895;20211015;UFV.RS.SP.034363-3.01;BERNARDO.OLIVEIRA;20241213;BERNARDO.OLIVEIRA;20241213
Guaimbé 4;100% para GUAIMBÉ IV PARQUE SOLAR S.A. (PIE);30000;20180426;UFV.RS.SP.032329-2.01;BERNARDO.OLIVEIRA;20241213;BERNARDO.OLIVEIRA;20241213
Arinos 14;100% para Usina Fotovoltaica Arinos E 14 Ltda. (PIE);46870;20240626;UFV.RS.MG.047310-3.01;BERNARDO.OLIVEIRA;20241213;BERNARDO.OLIVEIRA;20241213
Sertão Solar Barreiras XXI;100% para SERTAO SOLAR BARREIRAS XXI S.A. (PIE);50000;20240710;UFV.RS.BA.049771-1.01;BERNARDO.OLIVEIRA;20241213;BERNARDO.OLIVEIRA;20241213
São Gonçalo 2;100% para Enel Green Power São Gonçalo 2 S.A. (PIE);50000;20200222;UFV.RS.PI.033842-7.01;BERNARDO.OLIVEIRA;20241213;BERNARDO.OLIVEIRA;20241213
AC XIX;100% para VALE S.A. (PIE);39496;20230613;UFV.RS.MG.037630-2.01;BERNARDO.OLIVEIRA;20241213;BERNARDO.OLIVEIRA;20241213
Monte Verde Solar VII;100% para Central Geradora Fotovoltaica Monte Verde Solar VII S.A. (PIE);42471.13;20240622;UFV.RS.RN.045021-9.01;BERNARDO.OLIVEIRA;20241213;BERNARDO.OLIVEIRA;20241213
Lar do Sol 8 (Antiga Leo Silveira 8);100% para Usina de Energia Fotovoltaica Lar do Sol IV S.A. (PIE);49500;20221117;UFV.RS.MG.037837-2.01;BERNARDO.OLIVEIRA;20241213;BERNARDO.OLIVEIRA;20241213
Coremas II;100% para COREMAS II GERAÇÃO DE ENERGIA SPE S.A (PIE);27000;20181016;UFV.RS.PB.032926-6.01;BERNARDO.OLIVEIRA;20241213;BERNARDO.OLIVEIRA;20241213
Mercur Solar;100% para MERCUR S.A. (REG);900;20220701;UFV.RS.RS.066994-6.01;BERNARDO.OLIVEIRA;20241213;BERNARDO.OLIVEIRA;20241213
Bom Nome 1-6;100% para Bon Nome Serviços Administrativos III Ltda. (PIE);50000;20220203;UFV.RS.PE.042928-7.01;BERNARDO.OLIVEIRA;20241213;BERNARDO.OLIVEIRA;20241213
Pedro Leopoldo 2;100% para USINA DE ENERGIA FOTOVOLTAICA PEDRO LEOPOLDO II LTDA (PIE);45000;;UFV.RS.MG.052083-7.01;BERNARDO.OLIVEIRA;20241213;BERNARDO.OLIVEIRA;20241213
São Gonçalo 19;100% para ENEL GREEN POWER SÃO GONÇALO 19 S.A. (PIE);43032;20220803;UFV.RS.PI.037586-1.01;BERNARDO.OLIVEIRA;20241213;BERNARDO.OLIVEIRA;20241213
Sol do Futuro III (Antiga Steelcons Sol do Futuro III);100% para CENTRAL FOTOVOLTAICA SOL DO FUTURO III S.A. (PIE);27000;20190302;UFV.RS.CE.034747-7.02;BERNARDO.OLIVEIRA;20241213;BERNARDO.OLIVEIRA;20241213
Pincéis Roma PE;100% para Pincéis Roma LTDA. (REG);1160;20210907;UFV.RS.PE.062074-2.01;BERNARDO.OLIVEIRA;20241213;BERNARDO.OLIVEIRA;20241213
Mogano Energia;100% para MOGANO ENERGIA LTDA (REG);625;20211130;UFV.RS.SC.045493-1.01;BERNARDO.OLIVEIRA;20241213;BERNARDO.OLIVEIRA;20241213
Hélio Valgas 1;100% para GERADORA SOLAR HELIO VALGAS I S.A. (PIE);50000;20230819;UFV.RS.MG.042991-0.01;BERNARDO.OLIVEIRA;20241213;BERNARDO.OLIVEIRA;20241213
